student_id,roll_no,student_name,dept_id,batch,year_of_joining,year_of_completion,gender,staff_id,gcpa
STU00001,CIVIL17001,Sathish Reddy,6,2017-2021,2017,2021,Male,STF008,7.96
STU00002,ECE22002,Sabari Prasad,2,2022-2026,2022,2026,Male,STF019,6.61
STU00003,MECH17003,Praveen Pillai,4,2017-2021,2017,2021,Male,STF008,8.08
STU00004,IT21004,Tarun Pillai,5,2021-2025,2021,2025,Male,STF023,6.8
STU00005,CIVIL22005,Sneha Balan,6,2022-2026,2022,2026,Female,STF019,8.32
STU00006,EEE17006,Rahul Venkatesh,3,2017-2021,2017,2021,Male,STF009,8.23
STU00007,ECE18007,Deepika Prasad,2,2018-2022,2018,2022,Female,STF013,7.53
STU00008,CSE19008,Preethi Krishnan,1,2019-2023,2019,2023,Female,STF026,7.19
STU00009,CSE22009,Kalyani Murthy,1,2022-2026,2022,2026,Female,STF030,7.71
STU00010,MECH17010,Roja Loganathan,4,2017-2021,2017,2021,Female,STF028,8.39
STU00011,EEE21011,Ramesh Raj,3,2021-2025,2021,2025,Male,STF022,8.11
STU00012,ECE19012,Bala Kannan,2,2019-2023,2019,2023,Male,STF004,8.22
STU00013,MECH19013,Nithya Nair,4,2019-2023,2019,2023,Female,STF012,6.22
STU00014,EEE18014,Meena Varma,3,2018-2022,2018,2022,Female,STF021,8.43
STU00015,ECE21015,Santhosh Balan,2,2021-2025,2021,2025,Male,STF013,7.82
STU00016,EEE22016,Kishore Ganesan,3,2022-2026,2022,2026,Male,STF025,8.99
STU00017,CSE18017,Kishore Chandran,1,2018-2022,2018,2022,Male,STF009,7.68
STU00018,CSE18018,Ramya Natarajan,1,2018-2022,2018,2022,Female,STF016,7.33
STU00019,MECH22019,Nisha Krishnan,4,2022-2026,2022,2026,Female,STF005,7.84
STU00020,ECE22020,Nandhini Gopal,2,2022-2026,2022,2026,Female,STF029,7.19
STU00021,IT20021,Sneha Iyer,5,2020-2024,2020,2024,Female,STF017,7.53
STU00022,MECH17022,Manoj Iyer,4,2017-2021,2017,2021,Male,STF021,8.31
STU00023,ECE22023,Preethi Prasad,2,2022-2026,2022,2026,Female,STF013,7.9
STU00024,MECH21024,Indhu Krishnan,4,2021-2025,2021,2025,Female,STF018,6.47
STU00025,CSE22025,Sabari Baskaran,1,2022-2026,2022,2026,Male,STF009,8.41
STU00026,CIVIL19026,Ravi Gopal,6,2019-2023,2019,2023,Male,STF006,7.91
STU00027,MECH17027,Gayathri Baskaran,4,2017-2021,2017,2021,Female,STF006,8.11
STU00028,IT17028,Gayathri Varma,5,2017-2021,2017,2021,Female,STF007,8.16
STU00029,ECE19029,Sabari Baskaran,2,2019-2023,2019,2023,Male,STF030,8.7
STU00030,IT17030,Dharani Kumar,5,2017-2021,2017,2021,Female,STF004,7.39
STU00031,EEE19031,Suresh Reddy,3,2019-2023,2019,2023,Male,STF029,7.09
STU00032,IT17032,Yogesh Ganesan,5,2017-2021,2017,2021,Male,STF003,8.71
STU00033,IT18033,Mukesh Rajan,5,2018-2022,2018,2022,Male,STF006,8.22
STU00034,EEE21034,Ramya Mani,3,2021-2025,2021,2025,Female,STF018,7.22
STU00035,CIVIL22035,Sanjay Chandran,6,2022-2026,2022,2026,Male,STF022,7.79
STU00036,CIVIL19036,Indhu Balan,6,2019-2023,2019,2023,Female,STF004,8.11
STU00037,ECE18037,Mohan Kumar,2,2018-2022,2018,2022,Male,STF019,5.71
STU00038,IT18038,Arun Prasad,5,2018-2022,2018,2022,Male,STF023,7.47
STU00039,CIVIL17039,Ramesh Loganathan,6,2017-2021,2017,2021,Male,STF002,6.83
STU00040,EEE17040,Sathish Ramanathan,3,2017-2021,2017,2021,Male,STF016,7.5
STU00041,ECE21041,Vikram Shankar,2,2021-2025,2021,2025,Male,STF016,7.72
STU00042,ECE20042,Bhavana Murthy,2,2020-2024,2020,2024,Female,STF004,7.49
STU00043,CIVIL20043,Uma Gopal,6,2020-2024,2020,2024,Female,STF015,7.53
STU00044,CIVIL17044,Suresh Chandran,6,2017-2021,2017,2021,Male,STF024,8.26
STU00045,EEE17045,Gokul Pillai,3,2017-2021,2017,2021,Male,STF018,7.69
STU00046,MECH18046,Aishwarya Krishnan,4,2018-2022,2018,2022,Female,STF015,7.9
STU00047,ECE17047,Lavanya Murthy,2,2017-2021,2017,2021,Female,STF002,7.75
STU00048,CIVIL21048,Praveen Mani,6,2021-2025,2021,2025,Male,STF025,7.57
STU00049,ECE18049,Dharani Selvam,2,2018-2022,2018,2022,Female,STF007,7.78
STU00050,MECH17050,Vijay Kumar,4,2017-2021,2017,2021,Male,STF013,6.46
STU00051,EEE20051,Uma Srinivasan,3,2020-2024,2020,2024,Female,STF024,7.46
STU00052,IT22052,Nisha Pillai,5,2022-2026,2022,2026,Female,STF010,8.68
STU00053,ECE17053,Kishore Raj,2,2017-2021,2017,2021,Male,STF002,7.43
STU00054,IT20054,Suresh Muthu,5,2020-2024,2020,2024,Male,STF003,9.12
STU00055,ECE17055,Prakash Chandran,2,2017-2021,2017,2021,Male,STF004,6.88
STU00056,IT18056,Sriram Prasad,5,2018-2022,2018,2022,Male,STF014,7.5
STU00057,CIVIL21057,Radhika Pillai,6,2021-2025,2021,2025,Female,STF022,7.51
STU00058,CIVIL19058,Rajesh Chandran,6,2019-2023,2019,2023,Male,STF005,8.51
STU00059,CIVIL22059,Yamuna Venkatesh,6,2022-2026,2022,2026,Female,STF030,8.3
STU00060,CSE17060,Roja Shankar,1,2017-2021,2017,2021,Female,STF004,7.26
STU00061,CSE21061,Ganesh Krishnan,1,2021-2025,2021,2025,Male,STF005,9.18
STU00062,EEE17062,Deepak Subramaniam,3,2017-2021,2017,2021,Male,STF006,7.55
STU00063,MECH21063,Roja Duraisamy,4,2021-2025,2021,2025,Female,STF021,7.28
STU00064,IT17064,Deepika Loganathan,5,2017-2021,2017,2021,Female,STF005,7.6
STU00065,EEE17065,Tarun Iyer,3,2017-2021,2017,2021,Male,STF009,8.81
STU00066,EEE21066,Mohan Pillai,3,2021-2025,2021,2025,Male,STF022,8.1
STU00067,CIVIL19067,Radhika Loganathan,6,2019-2023,2019,2023,Female,STF030,7.93
STU00068,CSE17068,Sindhu Raj,1,2017-2021,2017,2021,Female,STF001,7.33
STU00069,EEE18069,Pooja Anandan,3,2018-2022,2018,2022,Female,STF015,7.94
STU00070,IT22070,Lavanya Kumar,5,2022-2026,2022,2026,Female,STF004,7.2
STU00071,CSE22071,Sabari Raj,1,2022-2026,2022,2026,Male,STF027,8.19
STU00072,EEE21072,Rahul Iyer,3,2021-2025,2021,2025,Male,STF002,7.23
STU00073,EEE19073,Anand Pillai,3,2019-2023,2019,2023,Male,STF022,8.12
STU00074,ECE22074,Anand Baskaran,2,2022-2026,2022,2026,Male,STF018,8.18
STU00075,MECH21075,Prakash Kannan,4,2021-2025,2021,2025,Male,STF006,8.04
STU00076,ECE20076,Naveen Anandan,2,2020-2024,2020,2024,Male,STF030,7.62
STU00077,EEE20077,Sathish Nair,3,2020-2024,2020,2024,Male,STF026,8.52
STU00078,CIVIL17078,Kavya Kannan,6,2017-2021,2017,2021,Female,STF016,6.91
STU00079,ECE18079,Madhavi Subramaniam,2,2018-2022,2018,2022,Female,STF027,7.98
STU00080,ECE18080,Gokul Chandran,2,2018-2022,2018,2022,Male,STF011,7.48
STU00081,EEE17081,Madhavi Natarajan,3,2017-2021,2017,2021,Female,STF017,7.68
STU00082,MECH22082,Divya Murthy,4,2022-2026,2022,2026,Female,STF029,7.08
STU00083,EEE18083,Kavya Murthy,3,2018-2022,2018,2022,Female,STF020,7.57
STU00084,MECH19084,Uma Varma,4,2019-2023,2019,2023,Female,STF017,7.44
STU00085,CSE20085,Rajesh Raj,1,2020-2024,2020,2024,Male,STF023,8.13
STU00086,MECH17086,Deepak Gopal,4,2017-2021,2017,2021,Male,STF003,7.83
STU00087,CIVIL19087,Lakshmi Anandan,6,2019-2023,2019,2023,Female,STF029,7.46
STU00088,EEE21088,Shalini Venkatesh,3,2021-2025,2021,2025,Female,STF013,7.81
STU00089,CIVIL19089,Gokul Gopal,6,2019-2023,2019,2023,Male,STF022,6.9
STU00090,MECH22090,Sriram Shankar,4,2022-2026,2022,2026,Male,STF010,7.03
STU00091,MECH21091,Sanjay Subramaniam,4,2021-2025,2021,2025,Male,STF007,7.62
STU00092,MECH21092,Yamuna Balan,4,2021-2025,2021,2025,Female,STF015,7.42
STU00093,CIVIL18093,Pooja Ramanathan,6,2018-2022,2018,2022,Female,STF003,7.63
STU00094,EEE21094,Anitha Ganesan,3,2021-2025,2021,2025,Female,STF025,7.6
STU00095,ECE22095,Sneha Duraisamy,2,2022-2026,2022,2026,Female,STF007,7.81
STU00096,ECE17096,Prakash Selvam,2,2017-2021,2017,2021,Male,STF020,7.58
STU00097,CSE20097,Monisha Pillai,1,2020-2024,2020,2024,Female,STF023,6.12
STU00098,CIVIL20098,Sangeetha Reddy,6,2020-2024,2020,2024,Female,STF005,7.76
STU00099,CIVIL22099,Dinesh Baskaran,6,2022-2026,2022,2026,Male,STF014,8.36
STU00100,ECE18100,Swathi Rajan,2,2018-2022,2018,2022,Female,STF008,8.16
STU00101,CSE20101,Elango Ramanathan,1,2020-2024,2020,2024,Male,STF017,7.78
STU00102,IT21102,Vidya Varma,5,2021-2025,2021,2025,Female,STF027,8.01
STU00103,CIVIL21103,Lavanya Balan,6,2021-2025,2021,2025,Female,STF029,6.99
STU00104,ECE22104,Vidya Krishnan,2,2022-2026,2022,2026,Female,STF025,7.87
STU00105,ECE22105,Indhu Selvam,2,2022-2026,2022,2026,Female,STF021,8.09
STU00106,ECE19106,Meena Srinivasan,2,2019-2023,2019,2023,Female,STF010,7.5
STU00107,ECE19107,Janani Loganathan,2,2019-2023,2019,2023,Female,STF018,7.38
STU00108,CSE18108,Bala Chandran,1,2018-2022,2018,2022,Male,STF023,8.03
STU00109,ECE22109,Ramesh Gopal,2,2022-2026,2022,2026,Male,STF014,7.13
STU00110,EEE21110,Shalini Raj,3,2021-2025,2021,2025,Female,STF007,7.36
STU00111,MECH20111,Vikram Chandran,4,2020-2024,2020,2024,Male,STF016,7.38
STU00112,CSE19112,Pavithra Kannan,1,2019-2023,2019,2023,Female,STF029,7.9
STU00113,MECH21113,Yogesh Reddy,4,2021-2025,2021,2025,Male,STF009,7.3
STU00114,MECH20114,Vijay Venkatesh,4,2020-2024,2020,2024,Male,STF022,7.65
STU00115,CIVIL20115,Elango Mani,6,2020-2024,2020,2024,Male,STF005,8.29
STU00116,IT21116,Arjun Shankar,5,2021-2025,2021,2025,Male,STF019,7.89
STU00117,CIVIL17117,Rahul Iyer,6,2017-2021,2017,2021,Male,STF028,8.2
STU00118,MECH18118,Rajesh Chandran,4,2018-2022,2018,2022,Male,STF011,6.71
STU00119,ECE20119,Kavitha Baskaran,2,2020-2024,2020,2024,Female,STF029,6.44
STU00120,MECH19120,Radhika Ganesan,4,2019-2023,2019,2023,Female,STF003,7.83
STU00121,MECH17121,Anand Reddy,4,2017-2021,2017,2021,Male,STF021,7.68
STU00122,CSE22122,Karthik Reddy,1,2022-2026,2022,2026,Male,STF007,8.01
STU00123,CSE21123,Prakash Iyer,1,2021-2025,2021,2025,Male,STF016,8.29
STU00124,CIVIL17124,Elango Srinivasan,6,2017-2021,2017,2021,Male,STF009,7.46
STU00125,EEE18125,Santhosh Subramaniam,3,2018-2022,2018,2022,Male,STF004,7.3
STU00126,IT17126,Monisha Ramanathan,5,2017-2021,2017,2021,Female,STF030,6.1
STU00127,MECH20127,Ramesh Shankar,4,2020-2024,2020,2024,Male,STF023,6.9
STU00128,CIVIL18128,Sanjay Kannan,6,2018-2022,2018,2022,Male,STF022,7.45
STU00129,IT17129,Anand Rajan,5,2017-2021,2017,2021,Male,STF014,8.39
STU00130,CIVIL19130,Ganesh Natarajan,6,2019-2023,2019,2023,Male,STF011,8.06
STU00131,CSE20131,Deepika Gopal,1,2020-2024,2020,2024,Female,STF012,8.52
STU00132,CIVIL20132,Rahul Nair,6,2020-2024,2020,2024,Male,STF024,7.57
STU00133,IT22133,Roja Duraisamy,5,2022-2026,2022,2026,Female,STF030,8.03
STU00134,IT20134,Uma Ganesan,5,2020-2024,2020,2024,Female,STF024,7.52
STU00135,IT19135,Keerthi Ganesan,5,2019-2023,2019,2023,Female,STF030,7.15
STU00136,CSE19136,Keerthi Baskaran,1,2019-2023,2019,2023,Female,STF015,6.65
STU00137,IT21137,Kavitha Kumar,5,2021-2025,2021,2025,Female,STF016,6.75
STU00138,EEE18138,Ramya Narayanan,3,2018-2022,2018,2022,Female,STF026,7.75
STU00139,EEE19139,Preethi Srinivasan,3,2019-2023,2019,2023,Female,STF029,6.52
STU00140,EEE21140,Nithin Pillai,3,2021-2025,2021,2025,Male,STF003,8.3
STU00141,ECE22141,Dharani Rajan,2,2022-2026,2022,2026,Female,STF025,8.09
STU00142,ECE22142,Dharani Balan,2,2022-2026,2022,2026,Female,STF026,7.59
STU00143,CSE17143,Sneha Chandran,1,2017-2021,2017,2021,Female,STF023,7.67
STU00144,ECE19144,Abirami Rajan,2,2019-2023,2019,2023,Female,STF017,7.36
STU00145,EEE20145,Madhavi Srinivasan,3,2020-2024,2020,2024,Female,STF015,7.02
STU00146,EEE19146,Sneha Murthy,3,2019-2023,2019,2023,Female,STF024,7.78
STU00147,ECE19147,Sabari Baskaran,2,2019-2023,2019,2023,Male,STF023,7.93
STU00148,ECE18148,Mukesh Krishnan,2,2018-2022,2018,2022,Male,STF024,6.85
STU00149,IT21149,Deepika Ganesan,5,2021-2025,2021,2025,Female,STF007,7.98
STU00150,EEE18150,Aishwarya Subramaniam,3,2018-2022,2018,2022,Female,STF001,6.89
STU00151,CIVIL21151,Sathish Raj,6,2021-2025,2021,2025,Male,STF002,7.68
STU00152,IT19152,Yogesh Murthy,5,2019-2023,2019,2023,Male,STF028,8.33
STU00153,CSE21153,Abirami Selvam,1,2021-2025,2021,2025,Female,STF015,8.35
STU00154,EEE18154,Rajesh Kannan,3,2018-2022,2018,2022,Male,STF016,7.15
STU00155,CSE17155,Dharani Prasad,1,2017-2021,2017,2021,Female,STF019,7.94
STU00156,CIVIL22156,Vishal Iyer,6,2022-2026,2022,2026,Male,STF026,8.04
STU00157,IT19157,Prakash Murthy,5,2019-2023,2019,2023,Male,STF018,7.37
STU00158,MECH21158,Nithin Chandran,4,2021-2025,2021,2025,Male,STF015,7.47
STU00159,MECH19159,Harini Shankar,4,2019-2023,2019,2023,Female,STF020,6.55
STU00160,CSE21160,Harish Natarajan,1,2021-2025,2021,2025,Male,STF007,8.39
STU00161,EEE22161,Santhosh Reddy,3,2022-2026,2022,2026,Male,STF006,6.64
STU00162,IT17162,Arun Gopal,5,2017-2021,2017,2021,Male,STF015,7.48
STU00163,CIVIL21163,Vaishnavi Raj,6,2021-2025,2021,2025,Female,STF008,7.39
STU00164,EEE22164,Yamuna Prasad,3,2022-2026,2022,2026,Female,STF022,8.29
STU00165,ECE19165,Rahul Murthy,2,2019-2023,2019,2023,Male,STF018,7.88
STU00166,ECE22166,Sathish Ganesan,2,2022-2026,2022,2026,Male,STF005,8.03
STU00167,CSE17167,Sanjay Varma,1,2017-2021,2017,2021,Male,STF024,8.46
STU00168,IT19168,Lakshmi Balan,5,2019-2023,2019,2023,Female,STF023,8.48
STU00169,EEE22169,Sindhu Muthu,3,2022-2026,2022,2026,Female,STF018,6.93
STU00170,MECH20170,Dhanush Raj,4,2020-2024,2020,2024,Male,STF029,7.82
STU00171,MECH22171,Preethi Krishnan,4,2022-2026,2022,2026,Female,STF001,6.96
STU00172,CSE18172,Sathish Shankar,1,2018-2022,2018,2022,Male,STF002,6.51
STU00173,ECE20173,Sindhu Nair,2,2020-2024,2020,2024,Female,STF019,8
STU00174,MECH22174,Anitha Selvam,4,2022-2026,2022,2026,Female,STF012,7.53
STU00175,MECH19175,Deepika Kannan,4,2019-2023,2019,2023,Female,STF006,7.88
STU00176,EEE20176,Vaishnavi Ramanathan,3,2020-2024,2020,2024,Female,STF013,7.87
STU00177,IT17177,Anitha Venkatesh,5,2017-2021,2017,2021,Female,STF009,7.43
STU00178,EEE17178,Gayathri Ganesan,3,2017-2021,2017,2021,Female,STF001,7.22
STU00179,CIVIL21179,Shalini Raj,6,2021-2025,2021,2025,Female,STF007,6.92
STU00180,IT19180,Vidya Baskaran,5,2019-2023,2019,2023,Female,STF002,7.75
STU00181,ECE19181,Ravi Balan,2,2019-2023,2019,2023,Male,STF029,8.79
STU00182,CIVIL20182,Karthik Natarajan,6,2020-2024,2020,2024,Male,STF020,6.83
STU00183,ECE22183,Sanjay Rajan,2,2022-2026,2022,2026,Male,STF001,8.01
STU00184,IT20184,Bala Ganesan,5,2020-2024,2020,2024,Male,STF030,7.18
STU00185,CSE20185,Vishal Selvam,1,2020-2024,2020,2024,Male,STF030,7.56
STU00186,CIVIL19186,Shalini Ganesan,6,2019-2023,2019,2023,Female,STF016,8.51
STU00187,MECH18187,Lavanya Iyer,4,2018-2022,2018,2022,Female,STF013,8.88
STU00188,ECE21188,Ramesh Krishnan,2,2021-2025,2021,2025,Male,STF025,7.99
STU00189,MECH19189,Priya Subramaniam,4,2019-2023,2019,2023,Female,STF024,7.96
STU00190,EEE21190,Nisha Balan,3,2021-2025,2021,2025,Female,STF018,7.87
STU00191,MECH19191,Lavanya Baskaran,4,2019-2023,2019,2023,Female,STF018,6.46
STU00192,MECH20192,Bhavana Srinivasan,4,2020-2024,2020,2024,Female,STF008,7.83
STU00193,IT20193,Kiran Raj,5,2020-2024,2020,2024,Male,STF011,6.87
STU00194,CIVIL20194,Pavithra Ramanathan,6,2020-2024,2020,2024,Female,STF026,8.05
STU00195,CIVIL18195,Kavya Iyer,6,2018-2022,2018,2022,Female,STF017,8.64
STU00196,IT19196,Sundar Murthy,5,2019-2023,2019,2023,Male,STF017,8.38
STU00197,MECH17197,Kiran Kannan,4,2017-2021,2017,2021,Male,STF021,7.44
STU00198,ECE17198,Radhika Venkatesh,2,2017-2021,2017,2021,Female,STF020,7.05
STU00199,CIVIL20199,Mohan Kannan,6,2020-2024,2020,2024,Male,STF022,7.73
STU00200,IT20200,Dharani Kannan,5,2020-2024,2020,2024,Female,STF018,7.47
STU00201,CSE21201,Prakash Natarajan,1,2021-2025,2021,2025,Male,STF022,7.39
STU00202,EEE18202,Rahul Murthy,3,2018-2022,2018,2022,Male,STF025,6.95
STU00203,CIVIL22203,Sundar Nair,6,2022-2026,2022,2026,Male,STF023,7.39
STU00204,EEE17204,Kishore Duraisamy,3,2017-2021,2017,2021,Male,STF002,7.45
STU00205,EEE19205,Uma Iyer,3,2019-2023,2019,2023,Female,STF008,7.76
STU00206,IT20206,Santhosh Nair,5,2020-2024,2020,2024,Male,STF003,8.25
STU00207,IT20207,Yogesh Mani,5,2020-2024,2020,2024,Male,STF019,8.43
STU00208,ECE18208,Radhika Balan,2,2018-2022,2018,2022,Female,STF009,8.37
STU00209,CIVIL17209,Vaishnavi Ramanathan,6,2017-2021,2017,2021,Female,STF018,7.14
STU00210,ECE17210,Madhavi Shankar,2,2017-2021,2017,2021,Female,STF010,8.44
STU00211,CIVIL20211,Yamuna Kannan,6,2020-2024,2020,2024,Female,STF010,7.51
STU00212,ECE20212,Deepika Reddy,2,2020-2024,2020,2024,Female,STF013,8.2
STU00213,IT19213,Vaishnavi Kumar,5,2019-2023,2019,2023,Female,STF027,7.57
STU00214,CIVIL20214,Priya Shankar,6,2020-2024,2020,2024,Female,STF028,7.48
STU00215,CIVIL22215,Dhanush Anandan,6,2022-2026,2022,2026,Male,STF016,6.69
STU00216,EEE18216,Sneha Natarajan,3,2018-2022,2018,2022,Female,STF007,7.42
STU00217,IT19217,Dinesh Loganathan,5,2019-2023,2019,2023,Male,STF021,8.4
STU00218,CIVIL17218,Vidya Raj,6,2017-2021,2017,2021,Female,STF019,7.06
STU00219,EEE22219,Praveen Mani,3,2022-2026,2022,2026,Male,STF010,7.82
STU00220,EEE22220,Aishwarya Pillai,3,2022-2026,2022,2026,Female,STF005,7.46
STU00221,IT19221,Pooja Krishnan,5,2019-2023,2019,2023,Female,STF030,7.94
STU00222,MECH19222,Lakshmi Balan,4,2019-2023,2019,2023,Female,STF003,8.1
STU00223,ECE18223,Lavanya Narayanan,2,2018-2022,2018,2022,Female,STF003,6.26
STU00224,MECH17224,Kalyani Murthy,4,2017-2021,2017,2021,Female,STF015,6.76
STU00225,EEE22225,Nandhini Chandran,3,2022-2026,2022,2026,Female,STF027,7.54
STU00226,CIVIL19226,Bala Selvam,6,2019-2023,2019,2023,Male,STF001,7.61
STU00227,IT21227,Roja Reddy,5,2021-2025,2021,2025,Female,STF021,7.04
STU00228,CSE22228,Harini Natarajan,1,2022-2026,2022,2026,Female,STF014,8.29
STU00229,CSE18229,Vignesh Subramaniam,1,2018-2022,2018,2022,Male,STF016,7.68
STU00230,CSE17230,Sabari Iyer,1,2017-2021,2017,2021,Male,STF013,7.43
STU00231,MECH19231,Nandhini Anandan,4,2019-2023,2019,2023,Female,STF024,7.37
STU00232,ECE20232,Yogesh Varma,2,2020-2024,2020,2024,Male,STF014,7.67
STU00233,EEE17233,Ramya Balan,3,2017-2021,2017,2021,Female,STF015,6.88
STU00234,ECE19234,Deepak Rajan,2,2019-2023,2019,2023,Male,STF029,7.1
STU00235,CIVIL19235,Arjun Krishnan,6,2019-2023,2019,2023,Male,STF007,8.02
STU00236,CSE20236,Harish Natarajan,1,2020-2024,2020,2024,Male,STF021,9.1
STU00237,IT17237,Mohan Reddy,5,2017-2021,2017,2021,Male,STF005,8.28
STU00238,IT18238,Tarun Pillai,5,2018-2022,2018,2022,Male,STF019,7.2
STU00239,ECE18239,Nisha Duraisamy,2,2018-2022,2018,2022,Female,STF029,7.01
STU00240,IT17240,Nisha Iyer,5,2017-2021,2017,2021,Female,STF018,7.28
STU00241,EEE18241,Karthik Iyer,3,2018-2022,2018,2022,Male,STF001,7.86
STU00242,EEE18242,Divya Nair,3,2018-2022,2018,2022,Female,STF009,7.67
STU00243,CSE18243,Indhu Murthy,1,2018-2022,2018,2022,Female,STF024,6.54
STU00244,CSE20244,Nithya Muthu,1,2020-2024,2020,2024,Female,STF019,7.79
STU00245,CSE20245,Sriram Raj,1,2020-2024,2020,2024,Male,STF024,6.35
STU00246,CIVIL21246,Yamuna Natarajan,6,2021-2025,2021,2025,Female,STF001,8.3
STU00247,CSE20247,Uma Ramanathan,1,2020-2024,2020,2024,Female,STF004,8.23
STU00248,MECH22248,Meena Loganathan,4,2022-2026,2022,2026,Female,STF003,7.43
STU00249,EEE21249,Ramesh Iyer,3,2021-2025,2021,2025,Male,STF009,7.76
STU00250,IT22250,Pavithra Varma,5,2022-2026,2022,2026,Female,STF017,8.21
STU00251,EEE20251,Deepika Duraisamy,3,2020-2024,2020,2024,Female,STF023,8.21
STU00252,CSE22252,Rahul Balan,1,2022-2026,2022,2026,Male,STF029,7.21
STU00253,ECE20253,Yamuna Chandran,2,2020-2024,2020,2024,Female,STF014,7.27
STU00254,CIVIL17254,Uma Venkatesh,6,2017-2021,2017,2021,Female,STF022,8.09
STU00255,EEE19255,Mukesh Prasad,3,2019-2023,2019,2023,Male,STF003,6.98
STU00256,CSE17256,Deepika Anandan,1,2017-2021,2017,2021,Female,STF024,7.78
STU00257,EEE18257,Aravind Rajan,3,2018-2022,2018,2022,Male,STF018,8.3
STU00258,EEE22258,Kiran Narayanan,3,2022-2026,2022,2026,Male,STF028,6.68
STU00259,CIVIL20259,Ravi Varma,6,2020-2024,2020,2024,Male,STF010,6.55
STU00260,EEE17260,Vishal Ramanathan,3,2017-2021,2017,2021,Male,STF016,7.54
STU00261,ECE17261,Lavanya Narayanan,2,2017-2021,2017,2021,Female,STF004,7.57
STU00262,EEE21262,Rahul Kannan,3,2021-2025,2021,2025,Male,STF018,7.51
STU00263,IT21263,Dhanush Mani,5,2021-2025,2021,2025,Male,STF022,8.06
STU00264,CIVIL19264,Naveen Krishnan,6,2019-2023,2019,2023,Male,STF023,6.8
STU00265,EEE19265,Priya Nair,3,2019-2023,2019,2023,Female,STF028,7.83
STU00266,ECE21266,Meena Iyer,2,2021-2025,2021,2025,Female,STF024,7.29
STU00267,CIVIL17267,Nithin Pillai,6,2017-2021,2017,2021,Male,STF013,8.47
STU00268,MECH20268,Pooja Narayanan,4,2020-2024,2020,2024,Female,STF010,8.04
STU00269,CIVIL19269,Suresh Iyer,6,2019-2023,2019,2023,Male,STF006,7.85
STU00270,IT17270,Sathish Balan,5,2017-2021,2017,2021,Male,STF022,7.62
STU00271,MECH20271,Shalini Krishnan,4,2020-2024,2020,2024,Female,STF007,7.49
STU00272,IT17272,Uma Murthy,5,2017-2021,2017,2021,Female,STF010,7.62
STU00273,CIVIL22273,Indhu Ramanathan,6,2022-2026,2022,2026,Female,STF010,7.74
STU00274,CSE18274,Preethi Raj,1,2018-2022,2018,2022,Female,STF001,7.98
STU00275,ECE19275,Ajay Baskaran,2,2019-2023,2019,2023,Male,STF009,8.81
STU00276,EEE19276,Arun Selvam,3,2019-2023,2019,2023,Male,STF024,8.04
STU00277,MECH18277,Vijay Rajan,4,2018-2022,2018,2022,Male,STF023,8.21
STU00278,ECE21278,Meena Chandran,2,2021-2025,2021,2025,Female,STF028,7.37
STU00279,CIVIL17279,Divya Balan,6,2017-2021,2017,2021,Female,STF030,8.25
STU00280,CSE19280,Monisha Chandran,1,2019-2023,2019,2023,Female,STF023,8.09
STU00281,CIVIL20281,Lakshmi Chandran,6,2020-2024,2020,2024,Female,STF001,7.67
STU00282,EEE18282,Nithya Prasad,3,2018-2022,2018,2022,Female,STF014,8.24
STU00283,CSE18283,Nandhini Chandran,1,2018-2022,2018,2022,Female,STF017,8.16
STU00284,CSE20284,Kavitha Reddy,1,2020-2024,2020,2024,Female,STF011,8.12
STU00285,ECE17285,Nithin Muthu,2,2017-2021,2017,2021,Male,STF007,7.53
STU00286,EEE19286,Prakash Murthy,3,2019-2023,2019,2023,Male,STF005,7.25
STU00287,EEE18287,Dhanush Iyer,3,2018-2022,2018,2022,Male,STF025,5.78
STU00288,CIVIL17288,Yogesh Balan,6,2017-2021,2017,2021,Male,STF025,8
STU00289,IT21289,Monisha Natarajan,5,2021-2025,2021,2025,Female,STF021,7.78
STU00290,IT19290,Nisha Balan,5,2019-2023,2019,2023,Female,STF003,7.28
STU00291,MECH20291,Sindhu Shankar,4,2020-2024,2020,2024,Female,STF002,8.12
STU00292,EEE21292,Sanjay Balan,3,2021-2025,2021,2025,Male,STF015,6.73
STU00293,CSE17293,Vaishnavi Prasad,1,2017-2021,2017,2021,Female,STF021,6.49
STU00294,CSE21294,Yamuna Shankar,1,2021-2025,2021,2025,Female,STF018,7.08
STU00295,CIVIL17295,Monisha Natarajan,6,2017-2021,2017,2021,Female,STF007,8
STU00296,EEE21296,Gayathri Iyer,3,2021-2025,2021,2025,Female,STF002,8.23
STU00297,MECH17297,Anitha Muthu,4,2017-2021,2017,2021,Female,STF021,7.43
STU00298,ECE17298,Sundar Balan,2,2017-2021,2017,2021,Male,STF017,7.59
STU00299,IT21299,Deepak Narayanan,5,2021-2025,2021,2025,Male,STF030,7.89
STU00300,EEE20300,Kavitha Ramanathan,3,2020-2024,2020,2024,Female,STF020,8.69
STU00301,CSE22301,Meena Venkatesh,1,2022-2026,2022,2026,Female,STF004,7.17
STU00302,IT22302,Vaishnavi Krishnan,5,2022-2026,2022,2026,Female,STF024,7.69
STU00303,CIVIL21303,Mohan Prasad,6,2021-2025,2021,2025,Male,STF019,7.71
STU00304,CIVIL18304,Harini Natarajan,6,2018-2022,2018,2022,Female,STF023,7.38
STU00305,CIVIL20305,Dhanush Srinivasan,6,2020-2024,2020,2024,Male,STF003,7.98
STU00306,EEE21306,Kavitha Ganesan,3,2021-2025,2021,2025,Female,STF005,7.4
STU00307,CIVIL22307,Rahul Muthu,6,2022-2026,2022,2026,Male,STF012,8.09
STU00308,CSE19308,Aishwarya Pillai,1,2019-2023,2019,2023,Female,STF011,8.56
STU00309,MECH18309,Ajay Iyer,4,2018-2022,2018,2022,Male,STF003,7.33
STU00310,EEE17310,Mohan Loganathan,3,2017-2021,2017,2021,Male,STF025,8.41
STU00311,IT18311,Nisha Nair,5,2018-2022,2018,2022,Female,STF006,7.31
STU00312,CIVIL21312,Sundar Raj,6,2021-2025,2021,2025,Male,STF014,6.56
STU00313,EEE22313,Sundar Varma,3,2022-2026,2022,2026,Male,STF010,6.74
STU00314,CIVIL20314,Sabari Reddy,6,2020-2024,2020,2024,Male,STF010,7.14
STU00315,MECH18315,Monisha Balan,4,2018-2022,2018,2022,Female,STF015,7.09
STU00316,EEE20316,Pooja Ganesan,3,2020-2024,2020,2024,Female,STF007,7.79
STU00317,IT18317,Swathi Natarajan,5,2018-2022,2018,2022,Female,STF016,7.23
STU00318,EEE21318,Nithin Kannan,3,2021-2025,2021,2025,Male,STF004,6.73
STU00319,EEE17319,Sathish Balan,3,2017-2021,2017,2021,Male,STF029,7.5
STU00320,IT18320,Anitha Mani,5,2018-2022,2018,2022,Female,STF008,8.45
STU00321,MECH19321,Kiran Raj,4,2019-2023,2019,2023,Male,STF013,8.27
STU00322,IT19322,Vijay Prasad,5,2019-2023,2019,2023,Male,STF012,8.09
STU00323,ECE17323,Deepika Ganesan,2,2017-2021,2017,2021,Female,STF023,7.66
STU00324,CIVIL19324,Ajay Raj,6,2019-2023,2019,2023,Male,STF010,7.21
STU00325,MECH22325,Mukesh Balan,4,2022-2026,2022,2026,Male,STF020,8.02
STU00326,CSE17326,Rajesh Pillai,1,2017-2021,2017,2021,Male,STF027,7.3
STU00327,ECE21327,Lakshmi Baskaran,2,2021-2025,2021,2025,Female,STF010,7.68
STU00328,ECE19328,Suresh Reddy,2,2019-2023,2019,2023,Male,STF014,7.54
STU00329,CIVIL21329,Meena Murthy,6,2021-2025,2021,2025,Female,STF027,6.93
STU00330,MECH21330,Ganesh Shankar,4,2021-2025,2021,2025,Male,STF008,7.28
STU00331,CIVIL18331,Uma Kumar,6,2018-2022,2018,2022,Female,STF020,8.03
STU00332,EEE18332,Aishwarya Ramanathan,3,2018-2022,2018,2022,Female,STF022,7.92
STU00333,CSE21333,Meena Muthu,1,2021-2025,2021,2025,Female,STF018,8.08
STU00334,IT21334,Vijay Kannan,5,2021-2025,2021,2025,Male,STF016,8.4
STU00335,CSE22335,Nithya Krishnan,1,2022-2026,2022,2026,Female,STF024,7.58
STU00336,CSE19336,Anand Reddy,1,2019-2023,2019,2023,Male,STF024,6.97
STU00337,CIVIL22337,Aravind Anandan,6,2022-2026,2022,2026,Male,STF025,8.09
STU00338,EEE18338,Anand Rajan,3,2018-2022,2018,2022,Male,STF011,7.95
STU00339,CIVIL18339,Abirami Natarajan,6,2018-2022,2018,2022,Female,STF006,7.44
STU00340,ECE17340,Kavya Subramaniam,2,2017-2021,2017,2021,Female,STF007,7.44
STU00341,CSE18341,Kishore Mani,1,2018-2022,2018,2022,Male,STF010,7.91
STU00342,IT20342,Radhika Raj,5,2020-2024,2020,2024,Female,STF025,8.85
STU00343,CIVIL18343,Madhavi Kannan,6,2018-2022,2018,2022,Female,STF025,8.11
STU00344,CSE22344,Sindhu Murthy,1,2022-2026,2022,2026,Female,STF026,8.17
STU00345,EEE20345,Vidya Loganathan,3,2020-2024,2020,2024,Female,STF013,7.8
STU00346,EEE18346,Dharani Narayanan,3,2018-2022,2018,2022,Female,STF030,7.79
STU00347,IT19347,Rahul Prasad,5,2019-2023,2019,2023,Male,STF014,7
STU00348,IT18348,Janani Murthy,5,2018-2022,2018,2022,Female,STF003,7.47
STU00349,EEE22349,Harini Balan,3,2022-2026,2022,2026,Female,STF020,8.36
STU00350,CIVIL20350,Sundar Narayanan,6,2020-2024,2020,2024,Male,STF015,7.12
STU00351,CSE22351,Roja Gopal,1,2022-2026,2022,2026,Female,STF009,7.8
STU00352,CIVIL17352,Arjun Narayanan,6,2017-2021,2017,2021,Male,STF017,7
STU00353,CIVIL22353,Karthik Iyer,6,2022-2026,2022,2026,Male,STF028,7.49
STU00354,IT22354,Kavya Iyer,5,2022-2026,2022,2026,Female,STF003,7.86
STU00355,ECE22355,Nithya Chandran,2,2022-2026,2022,2026,Female,STF019,7.18
STU00356,CSE21356,Sundar Narayanan,1,2021-2025,2021,2025,Male,STF012,8.41
STU00357,MECH17357,Nithin Narayanan,4,2017-2021,2017,2021,Male,STF013,6.68
STU00358,EEE22358,Keerthi Murthy,3,2022-2026,2022,2026,Female,STF001,8
STU00359,CIVIL18359,Indhu Chandran,6,2018-2022,2018,2022,Female,STF030,7.41
STU00360,IT17360,Radhika Srinivasan,5,2017-2021,2017,2021,Female,STF015,8.31
STU00361,ECE21361,Dharani Pillai,2,2021-2025,2021,2025,Female,STF004,7.78
STU00362,ECE17362,Aishwarya Loganathan,2,2017-2021,2017,2021,Female,STF023,8.37
STU00363,MECH17363,Madhavi Srinivasan,4,2017-2021,2017,2021,Female,STF003,7.2
STU00364,IT21364,Harini Kannan,5,2021-2025,2021,2025,Female,STF006,6.7
STU00365,CIVIL22365,Deepak Muthu,6,2022-2026,2022,2026,Male,STF008,8.38
STU00366,CSE18366,Prakash Duraisamy,1,2018-2022,2018,2022,Male,STF016,8.8
STU00367,CSE19367,Yamuna Duraisamy,1,2019-2023,2019,2023,Female,STF018,7.58
STU00368,ECE21368,Ramesh Subramaniam,2,2021-2025,2021,2025,Male,STF013,8.16
STU00369,CIVIL22369,Indhu Gopal,6,2022-2026,2022,2026,Female,STF025,7.51
STU00370,MECH21370,Ajay Venkatesh,4,2021-2025,2021,2025,Male,STF021,6.54
STU00371,CSE20371,Indhu Narayanan,1,2020-2024,2020,2024,Female,STF005,8.1
STU00372,IT22372,Ajay Gopal,5,2022-2026,2022,2026,Male,STF017,8.32
STU00373,CSE17373,Sanjay Nair,1,2017-2021,2017,2021,Male,STF006,7.23
STU00374,EEE22374,Anand Muthu,3,2022-2026,2022,2026,Male,STF029,7.31
STU00375,EEE17375,Bhavana Natarajan,3,2017-2021,2017,2021,Female,STF018,7.6
STU00376,EEE18376,Roja Rajan,3,2018-2022,2018,2022,Female,STF003,7.89
STU00377,IT22377,Aravind Shankar,5,2022-2026,2022,2026,Male,STF005,8.51
STU00378,ECE22378,Monisha Raj,2,2022-2026,2022,2026,Female,STF027,7.23
STU00379,CSE17379,Vikram Krishnan,1,2017-2021,2017,2021,Male,STF021,7.59
STU00380,ECE21380,Roja Natarajan,2,2021-2025,2021,2025,Female,STF001,6.77
STU00381,MECH22381,Harini Selvam,4,2022-2026,2022,2026,Female,STF008,7.61
STU00382,CIVIL20382,Yamuna Prasad,6,2020-2024,2020,2024,Female,STF023,6.33
STU00383,CSE18383,Shalini Selvam,1,2018-2022,2018,2022,Female,STF015,8.07
STU00384,ECE19384,Kishore Kannan,2,2019-2023,2019,2023,Male,STF023,8.59
STU00385,EEE22385,Sangeetha Iyer,3,2022-2026,2022,2026,Female,STF025,7.29
STU00386,EEE21386,Kishore Reddy,3,2021-2025,2021,2025,Male,STF015,7.26
STU00387,CSE19387,Keerthi Iyer,1,2019-2023,2019,2023,Female,STF004,7.59
STU00388,CSE19388,Roja Gopal,1,2019-2023,2019,2023,Female,STF008,6.56
STU00389,ECE19389,Bhavana Baskaran,2,2019-2023,2019,2023,Female,STF006,7.59
STU00390,MECH21390,Dharani Loganathan,4,2021-2025,2021,2025,Female,STF010,8.03
STU00391,MECH17391,Arjun Muthu,4,2017-2021,2017,2021,Male,STF015,6.89
STU00392,ECE18392,Swathi Raj,2,2018-2022,2018,2022,Female,STF010,7.92
STU00393,MECH21393,Vaishnavi Rajan,4,2021-2025,2021,2025,Female,STF001,7.77
STU00394,CSE20394,Rajesh Anandan,1,2020-2024,2020,2024,Male,STF012,7.12
STU00395,MECH19395,Arjun Raj,4,2019-2023,2019,2023,Male,STF019,7.73
STU00396,IT18396,Lavanya Subramaniam,5,2018-2022,2018,2022,Female,STF003,6.89
STU00397,MECH21397,Lavanya Krishnan,4,2021-2025,2021,2025,Female,STF027,7.61
STU00398,IT22398,Ajay Murthy,5,2022-2026,2022,2026,Male,STF013,8.29
STU00399,EEE19399,Nisha Pillai,3,2019-2023,2019,2023,Female,STF020,6.72
STU00400,IT20400,Vignesh Raj,5,2020-2024,2020,2024,Male,STF005,7.02
STU00401,CIVIL19401,Indhu Balan,6,2019-2023,2019,2023,Female,STF005,7.23
STU00402,IT21402,Kishore Mani,5,2021-2025,2021,2025,Male,STF020,7.44
STU00403,EEE18403,Roja Anandan,3,2018-2022,2018,2022,Female,STF027,7.26
STU00404,EEE21404,Gayathri Ganesan,3,2021-2025,2021,2025,Female,STF017,7.71
STU00405,IT20405,Abirami Ganesan,5,2020-2024,2020,2024,Female,STF001,7.97
STU00406,EEE19406,Kiran Shankar,3,2019-2023,2019,2023,Male,STF010,8.39
STU00407,CIVIL22407,Dhanush Selvam,6,2022-2026,2022,2026,Male,STF009,7.99
STU00408,CIVIL21408,Suresh Shankar,6,2021-2025,2021,2025,Male,STF016,8.12
STU00409,ECE21409,Nisha Ganesan,2,2021-2025,2021,2025,Female,STF022,7.23
STU00410,ECE17410,Gokul Kumar,2,2017-2021,2017,2021,Male,STF015,7.51
STU00411,EEE20411,Kiran Srinivasan,3,2020-2024,2020,2024,Male,STF007,8.4
STU00412,MECH21412,Swathi Srinivasan,4,2021-2025,2021,2025,Female,STF005,7.28
STU00413,IT18413,Abirami Muthu,5,2018-2022,2018,2022,Female,STF013,8.2
STU00414,EEE18414,Kalyani Venkatesh,3,2018-2022,2018,2022,Female,STF018,7.88
STU00415,EEE22415,Roja Selvam,3,2022-2026,2022,2026,Female,STF007,8.58
STU00416,ECE19416,Sneha Subramaniam,2,2019-2023,2019,2023,Female,STF025,6.76
STU00417,EEE22417,Yogesh Venkatesh,3,2022-2026,2022,2026,Male,STF016,6.99
STU00418,EEE21418,Vaishnavi Murthy,3,2021-2025,2021,2025,Female,STF019,8.24
STU00419,CIVIL21419,Sangeetha Ganesan,6,2021-2025,2021,2025,Female,STF012,8.48
STU00420,ECE19420,Ravi Srinivasan,2,2019-2023,2019,2023,Male,STF003,8.14
STU00421,EEE20421,Abirami Pillai,3,2020-2024,2020,2024,Female,STF007,7.2
STU00422,IT19422,Sowmya Murthy,5,2019-2023,2019,2023,Female,STF020,7.66
STU00423,CIVIL21423,Prakash Raj,6,2021-2025,2021,2025,Male,STF022,8.34
STU00424,IT18424,Suresh Murthy,5,2018-2022,2018,2022,Male,STF014,8.17
STU00425,EEE22425,Deepika Ramanathan,3,2022-2026,2022,2026,Female,STF025,7.03
STU00426,ECE17426,Kiran Natarajan,2,2017-2021,2017,2021,Male,STF030,8.12
STU00427,MECH20427,Ravi Venkatesh,4,2020-2024,2020,2024,Male,STF010,7.01
STU00428,CIVIL17428,Vikram Reddy,6,2017-2021,2017,2021,Male,STF018,7.38
STU00429,CIVIL22429,Naveen Gopal,6,2022-2026,2022,2026,Male,STF029,8.34
STU00430,ECE17430,Dharani Nair,2,2017-2021,2017,2021,Female,STF030,8.09
STU00431,CIVIL19431,Arun Subramaniam,6,2019-2023,2019,2023,Male,STF019,6.91
STU00432,IT17432,Vaishnavi Balan,5,2017-2021,2017,2021,Female,STF021,7.08
STU00433,IT21433,Sowmya Kannan,5,2021-2025,2021,2025,Female,STF017,8.11
STU00434,MECH19434,Manoj Venkatesh,4,2019-2023,2019,2023,Male,STF006,7.03
STU00435,CIVIL20435,Aishwarya Kumar,6,2020-2024,2020,2024,Female,STF024,8.87
STU00436,EEE19436,Naveen Varma,3,2019-2023,2019,2023,Male,STF028,9.06
STU00437,CIVIL20437,Gayathri Venkatesh,6,2020-2024,2020,2024,Female,STF003,7.42
STU00438,MECH22438,Naveen Iyer,4,2022-2026,2022,2026,Male,STF016,7.43
STU00439,EEE18439,Rajesh Chandran,3,2018-2022,2018,2022,Male,STF008,7.29
STU00440,MECH19440,Harini Shankar,4,2019-2023,2019,2023,Female,STF024,7.72
STU00441,IT17441,Nithya Srinivasan,5,2017-2021,2017,2021,Female,STF008,7.62
STU00442,CSE22442,Elango Subramaniam,1,2022-2026,2022,2026,Male,STF006,6.86
STU00443,MECH22443,Lakshmi Natarajan,4,2022-2026,2022,2026,Female,STF030,7.6
STU00444,EEE19444,Bala Iyer,3,2019-2023,2019,2023,Male,STF016,7.33
STU00445,ECE20445,Shalini Srinivasan,2,2020-2024,2020,2024,Female,STF018,8.05
STU00446,MECH21446,Prakash Ramanathan,4,2021-2025,2021,2025,Male,STF025,8
STU00447,IT17447,Indhu Srinivasan,5,2017-2021,2017,2021,Female,STF012,7.5
STU00448,CSE21448,Suresh Ganesan,1,2021-2025,2021,2025,Male,STF018,7.43
STU00449,IT18449,Santhosh Venkatesh,5,2018-2022,2018,2022,Male,STF028,7.52
STU00450,IT20450,Harish Srinivasan,5,2020-2024,2020,2024,Male,STF019,8.22
STU00451,MECH17451,Swathi Balan,4,2017-2021,2017,2021,Female,STF005,7.91
STU00452,IT20452,Monisha Raj,5,2020-2024,2020,2024,Female,STF018,8.17
STU00453,MECH22453,Divya Chandran,4,2022-2026,2022,2026,Female,STF009,7.59
STU00454,CSE22454,Aravind Prasad,1,2022-2026,2022,2026,Male,STF002,7.6
STU00455,MECH19455,Sabari Raj,4,2019-2023,2019,2023,Male,STF030,8.27
STU00456,CSE20456,Ravi Gopal,1,2020-2024,2020,2024,Male,STF006,8.19
STU00457,ECE22457,Nithya Loganathan,2,2022-2026,2022,2026,Female,STF013,6.97
STU00458,MECH20458,Anitha Ramanathan,4,2020-2024,2020,2024,Female,STF022,8.06
STU00459,IT18459,Lakshmi Nair,5,2018-2022,2018,2022,Female,STF018,6.97
STU00460,MECH21460,Bala Ganesan,4,2021-2025,2021,2025,Male,STF001,7.96
STU00461,CSE19461,Kalyani Gopal,1,2019-2023,2019,2023,Female,STF018,7.97
STU00462,MECH18462,Elango Narayanan,4,2018-2022,2018,2022,Male,STF005,6.83
STU00463,EEE18463,Vignesh Duraisamy,3,2018-2022,2018,2022,Male,STF022,7.9
STU00464,MECH21464,Prakash Pillai,4,2021-2025,2021,2025,Male,STF003,7.86
STU00465,CSE21465,Sundar Varma,1,2021-2025,2021,2025,Male,STF022,8.31
STU00466,CIVIL17466,Vignesh Chandran,6,2017-2021,2017,2021,Male,STF015,7.6
STU00467,ECE21467,Suresh Iyer,2,2021-2025,2021,2025,Male,STF017,8.17
STU00468,EEE18468,Monisha Varma,3,2018-2022,2018,2022,Female,STF025,7.32
STU00469,CIVIL19469,Sanjay Loganathan,6,2019-2023,2019,2023,Male,STF005,7.56
STU00470,CIVIL21470,Kiran Subramaniam,6,2021-2025,2021,2025,Male,STF009,8.12
STU00471,CSE21471,Rahul Rajan,1,2021-2025,2021,2025,Male,STF016,7.85
STU00472,CSE19472,Indhu Venkatesh,1,2019-2023,2019,2023,Female,STF023,8.03
STU00473,MECH20473,Sanjay Chandran,4,2020-2024,2020,2024,Male,STF006,8.45
STU00474,IT20474,Bala Subramaniam,5,2020-2024,2020,2024,Male,STF028,8.28
STU00475,CIVIL18475,Swathi Rajan,6,2018-2022,2018,2022,Female,STF014,7.11
STU00476,MECH21476,Vijay Reddy,4,2021-2025,2021,2025,Male,STF009,8
STU00477,ECE19477,Sundar Kannan,2,2019-2023,2019,2023,Male,STF012,7.02
STU00478,CSE21478,Suresh Krishnan,1,2021-2025,2021,2025,Male,STF013,8.7
STU00479,CIVIL21479,Ramesh Pillai,6,2021-2025,2021,2025,Male,STF026,7.8
STU00480,IT22480,Mukesh Pillai,5,2022-2026,2022,2026,Male,STF028,7.97
STU00481,EEE19481,Harish Mani,3,2019-2023,2019,2023,Male,STF007,7.52
STU00482,CIVIL17482,Keerthi Srinivasan,6,2017-2021,2017,2021,Female,STF020,7.38
STU00483,CIVIL18483,Keerthi Rajan,6,2018-2022,2018,2022,Female,STF011,8.1
STU00484,EEE20484,Kalyani Natarajan,3,2020-2024,2020,2024,Female,STF012,7.55
STU00485,EEE19485,Gayathri Loganathan,3,2019-2023,2019,2023,Female,STF016,7.26
STU00486,MECH17486,Janani Mani,4,2017-2021,2017,2021,Female,STF007,6.53
STU00487,EEE19487,Kavya Shankar,3,2019-2023,2019,2023,Female,STF028,6.97
STU00488,ECE22488,Karthik Krishnan,2,2022-2026,2022,2026,Male,STF018,7.73
STU00489,IT21489,Vaishnavi Iyer,5,2021-2025,2021,2025,Female,STF007,7.45
STU00490,EEE18490,Monisha Ganesan,3,2018-2022,2018,2022,Female,STF008,8.03
STU00491,MECH21491,Radhika Baskaran,4,2021-2025,2021,2025,Female,STF027,7.46
STU00492,MECH22492,Yamuna Nair,4,2022-2026,2022,2026,Female,STF024,6.75
STU00493,EEE18493,Sabari Selvam,3,2018-2022,2018,2022,Male,STF006,8.21
STU00494,IT22494,Nithin Raj,5,2022-2026,2022,2026,Male,STF027,7.04
STU00495,CSE22495,Arun Gopal,1,2022-2026,2022,2026,Male,STF005,8.09
STU00496,CIVIL18496,Vishal Kumar,6,2018-2022,2018,2022,Male,STF007,7.5
STU00497,IT20497,Swathi Varma,5,2020-2024,2020,2024,Female,STF021,7.6
STU00498,CIVIL21498,Dharani Kumar,6,2021-2025,2021,2025,Female,STF001,7.68
STU00499,IT21499,Priya Kumar,5,2021-2025,2021,2025,Female,STF017,7.62
STU00500,CIVIL19500,Divya Muthu,6,2019-2023,2019,2023,Female,STF027,8.53
STU00501,CIVIL22501,Aishwarya Murthy,6,2022-2026,2022,2026,Female,STF030,6.56
STU00502,CSE21502,Prakash Pillai,1,2021-2025,2021,2025,Male,STF020,7.96
STU00503,IT19503,Sindhu Duraisamy,5,2019-2023,2019,2023,Female,STF013,7.89
STU00504,CSE19504,Yamuna Shankar,1,2019-2023,2019,2023,Female,STF008,7.05
STU00505,CIVIL18505,Anitha Natarajan,6,2018-2022,2018,2022,Female,STF028,8.2
STU00506,CIVIL17506,Arjun Chandran,6,2017-2021,2017,2021,Male,STF013,7.53
STU00507,IT20507,Arun Srinivasan,5,2020-2024,2020,2024,Male,STF006,7.88
STU00508,CSE20508,Kavitha Shankar,1,2020-2024,2020,2024,Female,STF028,7.15
STU00509,CSE21509,Bala Pillai,1,2021-2025,2021,2025,Male,STF029,7.74
STU00510,CIVIL21510,Sindhu Raj,6,2021-2025,2021,2025,Female,STF030,8.16
STU00511,CSE22511,Kalyani Shankar,1,2022-2026,2022,2026,Female,STF022,7.05
STU00512,CSE18512,Divya Pillai,1,2018-2022,2018,2022,Female,STF019,8.2
STU00513,ECE22513,Meena Subramaniam,2,2022-2026,2022,2026,Female,STF006,6.09
STU00514,IT18514,Kalyani Venkatesh,5,2018-2022,2018,2022,Female,STF013,8.21
STU00515,CIVIL18515,Ganesh Anandan,6,2018-2022,2018,2022,Male,STF012,6.47
STU00516,CSE17516,Sneha Ganesan,1,2017-2021,2017,2021,Female,STF003,7.69
STU00517,EEE21517,Janani Kumar,3,2021-2025,2021,2025,Female,STF021,7.26
STU00518,EEE20518,Sneha Narayanan,3,2020-2024,2020,2024,Female,STF018,7.52
STU00519,MECH20519,Aravind Ramanathan,4,2020-2024,2020,2024,Male,STF013,7.59
STU00520,CSE21520,Keerthi Srinivasan,1,2021-2025,2021,2025,Female,STF003,8
STU00521,CSE19521,Vijay Srinivasan,1,2019-2023,2019,2023,Male,STF026,8.45
STU00522,CIVIL18522,Janani Narayanan,6,2018-2022,2018,2022,Female,STF004,7.62
STU00523,CSE17523,Vidya Narayanan,1,2017-2021,2017,2021,Female,STF025,8.39
STU00524,EEE17524,Praveen Nair,3,2017-2021,2017,2021,Male,STF014,7.81
STU00525,MECH21525,Deepika Kumar,4,2021-2025,2021,2025,Female,STF003,7.13
STU00526,EEE21526,Dhanush Varma,3,2021-2025,2021,2025,Male,STF026,8.15
STU00527,EEE20527,Ravi Gopal,3,2020-2024,2020,2024,Male,STF013,8.38
STU00528,CSE22528,Vikram Muthu,1,2022-2026,2022,2026,Male,STF006,8.1
STU00529,CIVIL20529,Ajay Krishnan,6,2020-2024,2020,2024,Male,STF010,7.11
STU00530,EEE20530,Ramesh Nair,3,2020-2024,2020,2024,Male,STF014,7.73
STU00531,EEE20531,Abirami Duraisamy,3,2020-2024,2020,2024,Female,STF003,7.68
STU00532,EEE19532,Yogesh Varma,3,2019-2023,2019,2023,Male,STF020,7.65
STU00533,ECE20533,Ajay Subramaniam,2,2020-2024,2020,2024,Male,STF001,8.27
STU00534,MECH19534,Kavitha Balan,4,2019-2023,2019,2023,Female,STF011,8.06
STU00535,MECH22535,Sanjay Venkatesh,4,2022-2026,2022,2026,Male,STF020,8.04
STU00536,CIVIL18536,Janani Nair,6,2018-2022,2018,2022,Female,STF013,7.81
STU00537,EEE19537,Monisha Duraisamy,3,2019-2023,2019,2023,Female,STF008,8.58
STU00538,EEE20538,Sangeetha Narayanan,3,2020-2024,2020,2024,Female,STF004,8.32
STU00539,IT18539,Tarun Kumar,5,2018-2022,2018,2022,Male,STF024,8.29
STU00540,MECH22540,Sundar Duraisamy,4,2022-2026,2022,2026,Male,STF010,7.71
STU00541,CIVIL17541,Dharani Iyer,6,2017-2021,2017,2021,Female,STF021,7.04
STU00542,EEE18542,Nisha Srinivasan,3,2018-2022,2018,2022,Female,STF014,8.79
STU00543,MECH17543,Preethi Selvam,4,2017-2021,2017,2021,Female,STF019,8.22
STU00544,MECH21544,Kalyani Raj,4,2021-2025,2021,2025,Female,STF026,7.37
STU00545,EEE22545,Dinesh Baskaran,3,2022-2026,2022,2026,Male,STF008,7.67
STU00546,CIVIL22546,Pooja Natarajan,6,2022-2026,2022,2026,Female,STF020,7.51
STU00547,CSE21547,Kavitha Duraisamy,1,2021-2025,2021,2025,Female,STF014,7.94
STU00548,CSE17548,Rajesh Reddy,1,2017-2021,2017,2021,Male,STF017,7.56
STU00549,CIVIL21549,Sundar Narayanan,6,2021-2025,2021,2025,Male,STF013,7.26
STU00550,MECH22550,Anand Kumar,4,2022-2026,2022,2026,Male,STF016,8.09
STU00551,CSE19551,Anitha Murthy,1,2019-2023,2019,2023,Female,STF027,8.27
STU00552,CIVIL18552,Harini Venkatesh,6,2018-2022,2018,2022,Female,STF015,7.8
STU00553,ECE21553,Madhavi Selvam,2,2021-2025,2021,2025,Female,STF004,7.11
STU00554,MECH22554,Janani Prasad,4,2022-2026,2022,2026,Female,STF010,8.54
STU00555,CSE22555,Karthik Kannan,1,2022-2026,2022,2026,Male,STF011,8.16
STU00556,CIVIL17556,Prakash Muthu,6,2017-2021,2017,2021,Male,STF006,8.27
STU00557,IT18557,Lavanya Gopal,5,2018-2022,2018,2022,Female,STF015,7.76
STU00558,ECE20558,Naveen Natarajan,2,2020-2024,2020,2024,Male,STF022,7.24
STU00559,MECH20559,Sriram Loganathan,4,2020-2024,2020,2024,Male,STF007,6.45
STU00560,MECH21560,Pavithra Kumar,4,2021-2025,2021,2025,Female,STF023,6.54
STU00561,ECE18561,Meena Shankar,2,2018-2022,2018,2022,Female,STF004,7.39
STU00562,IT18562,Janani Pillai,5,2018-2022,2018,2022,Female,STF015,6.75
STU00563,CSE19563,Indhu Natarajan,1,2019-2023,2019,2023,Female,STF011,8.07
STU00564,IT20564,Nandhini Murthy,5,2020-2024,2020,2024,Female,STF012,7.25
STU00565,EEE20565,Sanjay Mani,3,2020-2024,2020,2024,Male,STF020,7.85
STU00566,IT17566,Kishore Murthy,5,2017-2021,2017,2021,Male,STF008,7.72
STU00567,EEE17567,Deepak Srinivasan,3,2017-2021,2017,2021,Male,STF005,7.99
STU00568,IT20568,Preethi Iyer,5,2020-2024,2020,2024,Female,STF019,6.53
STU00569,MECH20569,Yogesh Natarajan,4,2020-2024,2020,2024,Male,STF018,8.01
STU00570,CIVIL22570,Tarun Nair,6,2022-2026,2022,2026,Male,STF016,7.3
STU00571,EEE18571,Kishore Ganesan,3,2018-2022,2018,2022,Male,STF015,7.6
STU00572,IT17572,Priya Selvam,5,2017-2021,2017,2021,Female,STF005,7.51
STU00573,ECE20573,Shalini Ramanathan,2,2020-2024,2020,2024,Female,STF016,8.2
STU00574,MECH22574,Dharani Nair,4,2022-2026,2022,2026,Female,STF003,7.45
STU00575,IT17575,Ravi Raj,5,2017-2021,2017,2021,Male,STF009,7.69
STU00576,ECE21576,Pooja Baskaran,2,2021-2025,2021,2025,Female,STF015,6.93
STU00577,IT22577,Lavanya Muthu,5,2022-2026,2022,2026,Female,STF004,8.08
STU00578,IT17578,Kalyani Ganesan,5,2017-2021,2017,2021,Female,STF012,6.72
STU00579,IT17579,Kalyani Pillai,5,2017-2021,2017,2021,Female,STF014,6.67
STU00580,CSE22580,Sanjay Kannan,1,2022-2026,2022,2026,Male,STF002,7.47
STU00581,MECH19581,Anitha Balan,4,2019-2023,2019,2023,Female,STF028,7.34
STU00582,CSE18582,Aravind Srinivasan,1,2018-2022,2018,2022,Male,STF012,8
STU00583,CIVIL21583,Pooja Varma,6,2021-2025,2021,2025,Female,STF005,7.88
STU00584,ECE18584,Vikram Narayanan,2,2018-2022,2018,2022,Male,STF018,6.56
STU00585,EEE21585,Kishore Srinivasan,3,2021-2025,2021,2025,Male,STF010,6.28
STU00586,EEE21586,Gayathri Loganathan,3,2021-2025,2021,2025,Female,STF022,6.83
STU00587,CSE18587,Swathi Krishnan,1,2018-2022,2018,2022,Female,STF028,8.53
STU00588,CIVIL18588,Prakash Iyer,6,2018-2022,2018,2022,Male,STF023,8.05
STU00589,EEE18589,Dharani Iyer,3,2018-2022,2018,2022,Female,STF019,7.5
STU00590,CIVIL19590,Pavithra Balan,6,2019-2023,2019,2023,Female,STF003,8.25
STU00591,CIVIL17591,Gayathri Anandan,6,2017-2021,2017,2021,Female,STF009,6.95
STU00592,CIVIL19592,Dharani Venkatesh,6,2019-2023,2019,2023,Female,STF019,7.32
STU00593,CSE22593,Elango Natarajan,1,2022-2026,2022,2026,Male,STF022,8.03
STU00594,CIVIL19594,Sabari Chandran,6,2019-2023,2019,2023,Male,STF007,7.53
STU00595,MECH18595,Sindhu Venkatesh,4,2018-2022,2018,2022,Female,STF027,6.34
STU00596,EEE19596,Vikram Kannan,3,2019-2023,2019,2023,Male,STF016,7.75
STU00597,EEE22597,Vignesh Murthy,3,2022-2026,2022,2026,Male,STF021,6.69
STU00598,MECH17598,Santhosh Balan,4,2017-2021,2017,2021,Male,STF015,7.35
STU00599,CSE20599,Ajay Loganathan,1,2020-2024,2020,2024,Male,STF021,7.29
STU00600,EEE18600,Anitha Natarajan,3,2018-2022,2018,2022,Female,STF012,8.46
STU00601,EEE17601,Pooja Raj,3,2017-2021,2017,2021,Female,STF013,7.84
STU00602,CIVIL19602,Rahul Natarajan,6,2019-2023,2019,2023,Male,STF003,7.48
STU00603,CIVIL17603,Harish Selvam,6,2017-2021,2017,2021,Male,STF003,8.1
STU00604,ECE21604,Nithin Ramanathan,2,2021-2025,2021,2025,Male,STF015,6.77
STU00605,CSE17605,Lakshmi Kannan,1,2017-2021,2017,2021,Female,STF014,8.45
STU00606,CIVIL18606,Meena Reddy,6,2018-2022,2018,2022,Female,STF013,6.67
STU00607,CSE22607,Dinesh Venkatesh,1,2022-2026,2022,2026,Male,STF012,7.99
STU00608,EEE18608,Sowmya Natarajan,3,2018-2022,2018,2022,Female,STF022,6.63
STU00609,ECE17609,Sriram Natarajan,2,2017-2021,2017,2021,Male,STF006,7.39
STU00610,MECH19610,Vishal Mani,4,2019-2023,2019,2023,Male,STF014,7.62
STU00611,IT22611,Ramya Prasad,5,2022-2026,2022,2026,Female,STF029,8.06
STU00612,CSE18612,Aravind Anandan,1,2018-2022,2018,2022,Male,STF013,6.89
STU00613,EEE20613,Sowmya Reddy,3,2020-2024,2020,2024,Female,STF009,7.28
STU00614,CIVIL17614,Tarun Varma,6,2017-2021,2017,2021,Male,STF020,8.18
STU00615,CIVIL21615,Divya Kannan,6,2021-2025,2021,2025,Female,STF028,7.06
STU00616,CIVIL19616,Nithin Varma,6,2019-2023,2019,2023,Male,STF017,7.64
STU00617,ECE22617,Vaishnavi Natarajan,2,2022-2026,2022,2026,Female,STF002,7.85
STU00618,ECE20618,Lakshmi Reddy,2,2020-2024,2020,2024,Female,STF016,8
STU00619,CIVIL21619,Nithin Loganathan,6,2021-2025,2021,2025,Male,STF001,7.63
STU00620,EEE19620,Vijay Kannan,3,2019-2023,2019,2023,Male,STF027,7.67
STU00621,IT20621,Kalyani Ramanathan,5,2020-2024,2020,2024,Female,STF006,6.79
STU00622,MECH17622,Aravind Prasad,4,2017-2021,2017,2021,Male,STF001,7.79
STU00623,EEE18623,Suresh Duraisamy,3,2018-2022,2018,2022,Male,STF013,7.95
STU00624,IT19624,Uma Srinivasan,5,2019-2023,2019,2023,Female,STF013,7.96
STU00625,CSE22625,Sathish Prasad,1,2022-2026,2022,2026,Male,STF010,7.45
STU00626,CSE21626,Vishal Rajan,1,2021-2025,2021,2025,Male,STF011,7.97
STU00627,MECH21627,Sanjay Srinivasan,4,2021-2025,2021,2025,Male,STF014,6.82
STU00628,CIVIL18628,Prakash Prasad,6,2018-2022,2018,2022,Male,STF030,7.39
STU00629,MECH17629,Roja Varma,4,2017-2021,2017,2021,Female,STF002,7.68
STU00630,EEE22630,Manoj Kumar,3,2022-2026,2022,2026,Male,STF023,7.27
STU00631,ECE22631,Santhosh Selvam,2,2022-2026,2022,2026,Male,STF012,6.45
STU00632,IT21632,Pooja Narayanan,5,2021-2025,2021,2025,Female,STF005,7.78
STU00633,CIVIL19633,Karthik Venkatesh,6,2019-2023,2019,2023,Male,STF026,7.3
STU00634,MECH19634,Rajesh Srinivasan,4,2019-2023,2019,2023,Male,STF019,6.29
STU00635,CIVIL17635,Yamuna Muthu,6,2017-2021,2017,2021,Female,STF012,7.72
STU00636,CSE20636,Deepak Nair,1,2020-2024,2020,2024,Male,STF009,7.84
STU00637,CSE21637,Bala Anandan,1,2021-2025,2021,2025,Male,STF017,8.26
STU00638,CSE17638,Prakash Raj,1,2017-2021,2017,2021,Male,STF016,7.3
STU00639,EEE20639,Naveen Mani,3,2020-2024,2020,2024,Male,STF028,6.64
STU00640,CSE21640,Sneha Venkatesh,1,2021-2025,2021,2025,Female,STF008,8.14
STU00641,MECH22641,Sindhu Ganesan,4,2022-2026,2022,2026,Female,STF003,8.13
STU00642,IT19642,Ganesh Ramanathan,5,2019-2023,2019,2023,Male,STF029,7.89
STU00643,CSE18643,Nithin Raj,1,2018-2022,2018,2022,Male,STF013,8.66
STU00644,CSE20644,Harini Venkatesh,1,2020-2024,2020,2024,Female,STF003,5.45
STU00645,IT20645,Deepak Pillai,5,2020-2024,2020,2024,Male,STF010,7.68
STU00646,IT19646,Elango Narayanan,5,2019-2023,2019,2023,Male,STF019,8.1
STU00647,MECH18647,Vishal Kumar,4,2018-2022,2018,2022,Male,STF030,8.43
STU00648,MECH17648,Sabari Narayanan,4,2017-2021,2017,2021,Male,STF021,7.91
STU00649,CIVIL17649,Priya Baskaran,6,2017-2021,2017,2021,Female,STF022,7.79
STU00650,MECH22650,Deepika Pillai,4,2022-2026,2022,2026,Female,STF017,8.18
STU00651,ECE20651,Swathi Iyer,2,2020-2024,2020,2024,Female,STF023,7.62
STU00652,EEE17652,Bala Loganathan,3,2017-2021,2017,2021,Male,STF028,7.52
STU00653,IT20653,Yamuna Anandan,5,2020-2024,2020,2024,Female,STF003,8.06
STU00654,IT17654,Arjun Prasad,5,2017-2021,2017,2021,Male,STF019,7.97
STU00655,IT17655,Sowmya Reddy,5,2017-2021,2017,2021,Female,STF010,7.69
STU00656,EEE19656,Janani Venkatesh,3,2019-2023,2019,2023,Female,STF015,7.94
STU00657,EEE18657,Gokul Iyer,3,2018-2022,2018,2022,Male,STF025,8.07
STU00658,IT17658,Dinesh Nair,5,2017-2021,2017,2021,Male,STF015,7.9
STU00659,MECH19659,Lakshmi Rajan,4,2019-2023,2019,2023,Female,STF012,8.54
STU00660,ECE20660,Yamuna Krishnan,2,2020-2024,2020,2024,Female,STF028,7.78
STU00661,CSE17661,Sanjay Ganesan,1,2017-2021,2017,2021,Male,STF023,7.46
STU00662,CIVIL21662,Harish Ganesan,6,2021-2025,2021,2025,Male,STF028,7.36
STU00663,EEE18663,Prakash Narayanan,3,2018-2022,2018,2022,Male,STF013,6.29
STU00664,IT17664,Radhika Ganesan,5,2017-2021,2017,2021,Female,STF006,6.19
STU00665,CSE20665,Lavanya Anandan,1,2020-2024,2020,2024,Female,STF018,8.45
STU00666,ECE17666,Deepika Duraisamy,2,2017-2021,2017,2021,Female,STF026,7.79
STU00667,ECE17667,Suresh Ganesan,2,2017-2021,2017,2021,Male,STF025,7.9
STU00668,ECE18668,Arjun Narayanan,2,2018-2022,2018,2022,Male,STF022,8.69
STU00669,CIVIL22669,Aravind Shankar,6,2022-2026,2022,2026,Male,STF009,7.44
STU00670,CSE17670,Gokul Loganathan,1,2017-2021,2017,2021,Male,STF021,7.71
STU00671,MECH18671,Mohan Murthy,4,2018-2022,2018,2022,Male,STF002,7.66
STU00672,MECH17672,Vikram Gopal,4,2017-2021,2017,2021,Male,STF027,7.16
STU00673,CIVIL20673,Divya Chandran,6,2020-2024,2020,2024,Female,STF022,7.46
STU00674,MECH18674,Ramya Mani,4,2018-2022,2018,2022,Female,STF006,7.53
STU00675,EEE19675,Nisha Raj,3,2019-2023,2019,2023,Female,STF020,7.48
STU00676,IT21676,Ravi Selvam,5,2021-2025,2021,2025,Male,STF014,7.88
STU00677,IT20677,Praveen Krishnan,5,2020-2024,2020,2024,Male,STF013,8.15
STU00678,ECE20678,Nithin Reddy,2,2020-2024,2020,2024,Male,STF021,6.68
STU00679,IT17679,Madhavi Selvam,5,2017-2021,2017,2021,Female,STF018,7.3
STU00680,MECH19680,Pavithra Krishnan,4,2019-2023,2019,2023,Female,STF006,8.07
STU00681,CSE19681,Karthik Loganathan,1,2019-2023,2019,2023,Male,STF026,7.27
STU00682,EEE17682,Indhu Narayanan,3,2017-2021,2017,2021,Female,STF025,7.75
STU00683,IT18683,Dinesh Reddy,5,2018-2022,2018,2022,Male,STF022,6.87
STU00684,ECE19684,Bala Shankar,2,2019-2023,2019,2023,Male,STF028,8.24
STU00685,MECH19685,Naveen Reddy,4,2019-2023,2019,2023,Male,STF019,6.46
STU00686,EEE22686,Nandhini Kumar,3,2022-2026,2022,2026,Female,STF023,7.85
STU00687,CIVIL19687,Vikram Pillai,6,2019-2023,2019,2023,Male,STF027,7.83
STU00688,MECH21688,Aishwarya Selvam,4,2021-2025,2021,2025,Female,STF002,7.48
STU00689,CSE17689,Dhanush Reddy,1,2017-2021,2017,2021,Male,STF001,7.5
STU00690,IT20690,Mohan Mani,5,2020-2024,2020,2024,Male,STF020,7.44
STU00691,ECE18691,Aishwarya Mani,2,2018-2022,2018,2022,Female,STF026,7.95
STU00692,EEE17692,Vishal Shankar,3,2017-2021,2017,2021,Male,STF023,7.81
STU00693,ECE17693,Meena Narayanan,2,2017-2021,2017,2021,Female,STF023,6.54
STU00694,CIVIL20694,Mohan Subramaniam,6,2020-2024,2020,2024,Male,STF011,7.04
STU00695,ECE18695,Dharani Natarajan,2,2018-2022,2018,2022,Female,STF011,7.51
STU00696,ECE22696,Sneha Ramanathan,2,2022-2026,2022,2026,Female,STF019,6.64
STU00697,ECE20697,Vaishnavi Iyer,2,2020-2024,2020,2024,Female,STF006,6.85
STU00698,CIVIL17698,Monisha Raj,6,2017-2021,2017,2021,Female,STF006,7.75
STU00699,IT19699,Vikram Murthy,5,2019-2023,2019,2023,Male,STF030,6.91
STU00700,MECH18700,Meena Reddy,4,2018-2022,2018,2022,Female,STF012,7.03
STU00701,EEE18701,Mohan Balan,3,2018-2022,2018,2022,Male,STF001,7.62
STU00702,EEE18702,Ramesh Narayanan,3,2018-2022,2018,2022,Male,STF009,7.68
STU00703,CSE22703,Suresh Chandran,1,2022-2026,2022,2026,Male,STF015,7.55
STU00704,CIVIL20704,Kiran Selvam,6,2020-2024,2020,2024,Male,STF029,7.75
STU00705,MECH19705,Deepika Ganesan,4,2019-2023,2019,2023,Female,STF016,6.72
STU00706,IT22706,Santhosh Balan,5,2022-2026,2022,2026,Male,STF003,7.54
STU00707,CSE19707,Kishore Krishnan,1,2019-2023,2019,2023,Male,STF004,7.61
STU00708,CSE19708,Vijay Nair,1,2019-2023,2019,2023,Male,STF024,8.64
STU00709,CSE21709,Mohan Varma,1,2021-2025,2021,2025,Male,STF020,6.88
STU00710,MECH22710,Rahul Natarajan,4,2022-2026,2022,2026,Male,STF006,8.26
STU00711,IT20711,Suresh Murthy,5,2020-2024,2020,2024,Male,STF011,7.11
STU00712,ECE18712,Lavanya Anandan,2,2018-2022,2018,2022,Female,STF030,8.14
STU00713,CIVIL21713,Vaishnavi Subramaniam,6,2021-2025,2021,2025,Female,STF008,7.21
STU00714,CSE17714,Monisha Rajan,1,2017-2021,2017,2021,Female,STF027,8.41
STU00715,MECH18715,Deepak Kumar,4,2018-2022,2018,2022,Male,STF014,6.35
STU00716,CSE19716,Bhavana Murthy,1,2019-2023,2019,2023,Female,STF001,8.01
STU00717,ECE18717,Anitha Selvam,2,2018-2022,2018,2022,Female,STF028,7.79
STU00718,CSE19718,Abirami Selvam,1,2019-2023,2019,2023,Female,STF029,8.73
STU00719,CIVIL19719,Sabari Chandran,6,2019-2023,2019,2023,Male,STF006,6.74
STU00720,EEE20720,Aishwarya Balan,3,2020-2024,2020,2024,Female,STF002,8.12
STU00721,EEE20721,Radhika Reddy,3,2020-2024,2020,2024,Female,STF027,7.21
STU00722,EEE21722,Vishal Baskaran,3,2021-2025,2021,2025,Male,STF023,8.86
STU00723,CIVIL17723,Anand Duraisamy,6,2017-2021,2017,2021,Male,STF018,7.51
STU00724,MECH21724,Tarun Raj,4,2021-2025,2021,2025,Male,STF027,7.49
STU00725,MECH21725,Kalyani Ramanathan,4,2021-2025,2021,2025,Female,STF028,8.58
STU00726,MECH21726,Mukesh Subramaniam,4,2021-2025,2021,2025,Male,STF003,8.11
STU00727,MECH22727,Ganesh Shankar,4,2022-2026,2022,2026,Male,STF029,8.04
STU00728,IT21728,Manoj Baskaran,5,2021-2025,2021,2025,Male,STF015,7.61
STU00729,ECE18729,Gokul Iyer,2,2018-2022,2018,2022,Male,STF002,7.85
STU00730,MECH17730,Bhavana Ganesan,4,2017-2021,2017,2021,Female,STF021,8.01
STU00731,ECE21731,Janani Mani,2,2021-2025,2021,2025,Female,STF024,7.37
STU00732,CSE17732,Lavanya Chandran,1,2017-2021,2017,2021,Female,STF018,7.86
STU00733,EEE19733,Priya Duraisamy,3,2019-2023,2019,2023,Female,STF023,7.82
STU00734,IT21734,Lakshmi Gopal,5,2021-2025,2021,2025,Female,STF005,7.2
STU00735,ECE21735,Dinesh Shankar,2,2021-2025,2021,2025,Male,STF025,7.39
STU00736,CSE19736,Shalini Krishnan,1,2019-2023,2019,2023,Female,STF013,8.12
STU00737,CIVIL20737,Kavya Nair,6,2020-2024,2020,2024,Female,STF009,7.97
STU00738,MECH18738,Kavya Chandran,4,2018-2022,2018,2022,Female,STF029,6.7
STU00739,EEE22739,Suresh Anandan,3,2022-2026,2022,2026,Male,STF016,8.25
STU00740,EEE19740,Mohan Ganesan,3,2019-2023,2019,2023,Male,STF026,8.18
STU00741,EEE19741,Dharani Kannan,3,2019-2023,2019,2023,Female,STF023,7.72
STU00742,CIVIL17742,Ajay Subramaniam,6,2017-2021,2017,2021,Male,STF024,7.37
STU00743,MECH19743,Shalini Varma,4,2019-2023,2019,2023,Female,STF021,7.69
STU00744,CSE18744,Ramya Mani,1,2018-2022,2018,2022,Female,STF027,8.75
STU00745,MECH22745,Indhu Kannan,4,2022-2026,2022,2026,Female,STF012,6.82
STU00746,CSE21746,Ramesh Subramaniam,1,2021-2025,2021,2025,Male,STF023,6.92
STU00747,IT20747,Nithin Loganathan,5,2020-2024,2020,2024,Male,STF019,7.18
STU00748,CSE18748,Gokul Ganesan,1,2018-2022,2018,2022,Male,STF002,7.25
STU00749,ECE17749,Swathi Mani,2,2017-2021,2017,2021,Female,STF012,7.06
STU00750,CIVIL18750,Nithya Ganesan,6,2018-2022,2018,2022,Female,STF015,7.49
STU00751,IT20751,Karthik Reddy,5,2020-2024,2020,2024,Male,STF012,7.6
STU00752,MECH21752,Aishwarya Kannan,4,2021-2025,2021,2025,Female,STF016,6.84
STU00753,IT21753,Madhavi Nair,5,2021-2025,2021,2025,Female,STF027,7.06
STU00754,EEE22754,Ravi Kumar,3,2022-2026,2022,2026,Male,STF013,7.42
STU00755,CSE18755,Bala Natarajan,1,2018-2022,2018,2022,Male,STF008,6.65
STU00756,CIVIL18756,Shalini Muthu,6,2018-2022,2018,2022,Female,STF001,7.89
STU00757,CIVIL17757,Sowmya Natarajan,6,2017-2021,2017,2021,Female,STF006,7.71
STU00758,IT17758,Rajesh Varma,5,2017-2021,2017,2021,Male,STF026,6.91
STU00759,EEE22759,Uma Loganathan,3,2022-2026,2022,2026,Female,STF013,8.18
STU00760,EEE20760,Ramya Balan,3,2020-2024,2020,2024,Female,STF010,7.96
STU00761,CIVIL21761,Nandhini Murthy,6,2021-2025,2021,2025,Female,STF001,8.52
STU00762,IT22762,Lavanya Natarajan,5,2022-2026,2022,2026,Female,STF020,7.49
STU00763,IT19763,Deepika Selvam,5,2019-2023,2019,2023,Female,STF003,7.53
STU00764,EEE19764,Sindhu Krishnan,3,2019-2023,2019,2023,Female,STF021,6.29
STU00765,CIVIL22765,Bhavana Iyer,6,2022-2026,2022,2026,Female,STF017,6.08
STU00766,ECE17766,Janani Ramanathan,2,2017-2021,2017,2021,Female,STF005,8.93
STU00767,CIVIL17767,Vaishnavi Krishnan,6,2017-2021,2017,2021,Female,STF030,7
STU00768,MECH20768,Kavya Shankar,4,2020-2024,2020,2024,Female,STF023,7.09
STU00769,IT18769,Sneha Ramanathan,5,2018-2022,2018,2022,Female,STF018,7.79
STU00770,CIVIL20770,Gayathri Subramaniam,6,2020-2024,2020,2024,Female,STF028,6.76
STU00771,ECE22771,Ravi Murthy,2,2022-2026,2022,2026,Male,STF016,7.91
STU00772,ECE22772,Lavanya Baskaran,2,2022-2026,2022,2026,Female,STF030,7.69
STU00773,ECE22773,Anitha Reddy,2,2022-2026,2022,2026,Female,STF012,7.98
STU00774,ECE22774,Shalini Duraisamy,2,2022-2026,2022,2026,Female,STF029,7.27
STU00775,EEE19775,Nandhini Subramaniam,3,2019-2023,2019,2023,Female,STF015,6.92
STU00776,CSE20776,Aravind Shankar,1,2020-2024,2020,2024,Male,STF020,6.42
STU00777,CSE20777,Ganesh Murthy,1,2020-2024,2020,2024,Male,STF028,8
STU00778,CIVIL20778,Shalini Raj,6,2020-2024,2020,2024,Female,STF028,8.21
STU00779,ECE18779,Mohan Gopal,2,2018-2022,2018,2022,Male,STF019,7.86
STU00780,MECH18780,Aishwarya Baskaran,4,2018-2022,2018,2022,Female,STF003,7.72
STU00781,MECH19781,Kishore Natarajan,4,2019-2023,2019,2023,Male,STF002,7.9
STU00782,CSE20782,Ramya Baskaran,1,2020-2024,2020,2024,Female,STF025,6.43
STU00783,ECE21783,Yogesh Duraisamy,2,2021-2025,2021,2025,Male,STF025,7.37
STU00784,CSE18784,Uma Chandran,1,2018-2022,2018,2022,Female,STF014,7.25
STU00785,MECH20785,Vignesh Rajan,4,2020-2024,2020,2024,Male,STF007,7.03
STU00786,CIVIL19786,Kishore Baskaran,6,2019-2023,2019,2023,Male,STF027,8
STU00787,IT18787,Arun Natarajan,5,2018-2022,2018,2022,Male,STF024,7.62
STU00788,ECE18788,Harini Iyer,2,2018-2022,2018,2022,Female,STF004,8.04
STU00789,MECH21789,Pooja Prasad,4,2021-2025,2021,2025,Female,STF027,6.48
STU00790,CSE19790,Yamuna Anandan,1,2019-2023,2019,2023,Female,STF017,7.13
STU00791,IT21791,Uma Loganathan,5,2021-2025,2021,2025,Female,STF022,7.23
STU00792,ECE19792,Madhavi Baskaran,2,2019-2023,2019,2023,Female,STF007,7.45
STU00793,ECE20793,Bala Reddy,2,2020-2024,2020,2024,Male,STF024,7.51
STU00794,ECE18794,Aravind Muthu,2,2018-2022,2018,2022,Male,STF006,6.29
STU00795,CSE19795,Vijay Loganathan,1,2019-2023,2019,2023,Male,STF021,7.03
STU00796,EEE21796,Dhanush Raj,3,2021-2025,2021,2025,Male,STF022,7.73
STU00797,CSE22797,Suresh Srinivasan,1,2022-2026,2022,2026,Male,STF004,8.32
STU00798,MECH20798,Lakshmi Rajan,4,2020-2024,2020,2024,Female,STF009,8.19
STU00799,MECH22799,Harish Srinivasan,4,2022-2026,2022,2026,Male,STF022,8.19
STU00800,CIVIL17800,Shalini Ramanathan,6,2017-2021,2017,2021,Female,STF004,7.74
STU00801,CIVIL21801,Roja Varma,6,2021-2025,2021,2025,Female,STF023,7.47
STU00802,ECE20802,Ganesh Anandan,2,2020-2024,2020,2024,Male,STF020,6.74
STU00803,CSE19803,Dinesh Selvam,1,2019-2023,2019,2023,Male,STF007,7.98
STU00804,IT18804,Indhu Pillai,5,2018-2022,2018,2022,Female,STF012,7.11
STU00805,CIVIL20805,Pooja Raj,6,2020-2024,2020,2024,Female,STF018,7.02
STU00806,MECH18806,Kavitha Reddy,4,2018-2022,2018,2022,Female,STF001,7.05
STU00807,CSE22807,Manoj Ganesan,1,2022-2026,2022,2026,Male,STF019,7.6
STU00808,CIVIL20808,Praveen Baskaran,6,2020-2024,2020,2024,Male,STF017,8.2
STU00809,CSE22809,Rajesh Natarajan,1,2022-2026,2022,2026,Male,STF008,7.42
STU00810,MECH19810,Yamuna Raj,4,2019-2023,2019,2023,Female,STF004,7.35
STU00811,ECE17811,Nithya Duraisamy,2,2017-2021,2017,2021,Female,STF022,9.1
STU00812,EEE20812,Dinesh Kannan,3,2020-2024,2020,2024,Male,STF025,7.55
STU00813,CSE17813,Santhosh Venkatesh,1,2017-2021,2017,2021,Male,STF012,7.37
STU00814,MECH21814,Anitha Narayanan,4,2021-2025,2021,2025,Female,STF027,7.62
STU00815,EEE18815,Arjun Chandran,3,2018-2022,2018,2022,Male,STF015,6.74
STU00816,EEE20816,Shalini Natarajan,3,2020-2024,2020,2024,Female,STF029,7.4
STU00817,ECE17817,Suresh Kannan,2,2017-2021,2017,2021,Male,STF006,8.17
STU00818,CSE20818,Monisha Ramanathan,1,2020-2024,2020,2024,Female,STF015,7.59
STU00819,ECE21819,Madhavi Varma,2,2021-2025,2021,2025,Female,STF001,8.14
STU00820,CIVIL22820,Mukesh Mani,6,2022-2026,2022,2026,Male,STF016,7.11
STU00821,CSE20821,Kavya Prasad,1,2020-2024,2020,2024,Female,STF009,7.03
STU00822,CIVIL19822,Nithin Baskaran,6,2019-2023,2019,2023,Male,STF024,7.71
STU00823,IT22823,Mohan Muthu,5,2022-2026,2022,2026,Male,STF017,7.87
STU00824,CIVIL22824,Rahul Ramanathan,6,2022-2026,2022,2026,Male,STF024,7.96
STU00825,ECE20825,Pavithra Iyer,2,2020-2024,2020,2024,Female,STF027,6.71
STU00826,IT21826,Arun Natarajan,5,2021-2025,2021,2025,Male,STF030,8.27
STU00827,ECE21827,Dharani Kannan,2,2021-2025,2021,2025,Female,STF006,7.05
STU00828,CSE20828,Keerthi Venkatesh,1,2020-2024,2020,2024,Female,STF009,7.25
STU00829,CSE21829,Tarun Natarajan,1,2021-2025,2021,2025,Male,STF013,7.83
STU00830,MECH18830,Elango Balan,4,2018-2022,2018,2022,Male,STF026,7.04
STU00831,IT20831,Yogesh Balan,5,2020-2024,2020,2024,Male,STF011,7.17
STU00832,CSE20832,Dinesh Chandran,1,2020-2024,2020,2024,Male,STF014,7.94
STU00833,CSE21833,Praveen Duraisamy,1,2021-2025,2021,2025,Male,STF020,6.91
STU00834,IT22834,Gayathri Rajan,5,2022-2026,2022,2026,Female,STF007,9.25
STU00835,CIVIL22835,Kavitha Narayanan,6,2022-2026,2022,2026,Female,STF027,7.92
STU00836,CSE18836,Kavitha Rajan,1,2018-2022,2018,2022,Female,STF025,7.82
STU00837,IT21837,Nithya Srinivasan,5,2021-2025,2021,2025,Female,STF015,7.55
STU00838,CSE17838,Arun Venkatesh,1,2017-2021,2017,2021,Male,STF012,7.36
STU00839,CIVIL19839,Deepika Raj,6,2019-2023,2019,2023,Female,STF029,7.63
STU00840,ECE20840,Kiran Murthy,2,2020-2024,2020,2024,Male,STF009,7.62
STU00841,IT18841,Manoj Mani,5,2018-2022,2018,2022,Male,STF028,8.79
STU00842,MECH18842,Bhavana Srinivasan,4,2018-2022,2018,2022,Female,STF011,7.93
STU00843,CSE20843,Aravind Murthy,1,2020-2024,2020,2024,Male,STF025,7.54
STU00844,MECH20844,Yogesh Kumar,4,2020-2024,2020,2024,Male,STF017,7.91
STU00845,CIVIL17845,Nandhini Selvam,6,2017-2021,2017,2021,Female,STF030,8.11
STU00846,IT18846,Ajay Murthy,5,2018-2022,2018,2022,Male,STF013,7.92
STU00847,CIVIL21847,Gayathri Loganathan,6,2021-2025,2021,2025,Female,STF013,7.71
STU00848,MECH21848,Sathish Chandran,4,2021-2025,2021,2025,Male,STF011,7.73
STU00849,EEE20849,Ajay Gopal,3,2020-2024,2020,2024,Male,STF020,7.62
STU00850,CIVIL22850,Lavanya Kannan,6,2022-2026,2022,2026,Female,STF011,8.29
STU00851,CIVIL22851,Gokul Pillai,6,2022-2026,2022,2026,Male,STF020,8.08
STU00852,CIVIL19852,Sowmya Srinivasan,6,2019-2023,2019,2023,Female,STF021,7.45
STU00853,ECE21853,Lakshmi Baskaran,2,2021-2025,2021,2025,Female,STF012,8.24
STU00854,IT20854,Kalyani Subramaniam,5,2020-2024,2020,2024,Female,STF029,7.55
STU00855,MECH17855,Karthik Chandran,4,2017-2021,2017,2021,Male,STF005,6.42
STU00856,CSE22856,Gokul Krishnan,1,2022-2026,2022,2026,Male,STF025,6.85
STU00857,ECE19857,Nisha Ganesan,2,2019-2023,2019,2023,Female,STF002,7.75
STU00858,CIVIL19858,Sabari Raj,6,2019-2023,2019,2023,Male,STF012,7.76
STU00859,MECH17859,Tarun Chandran,4,2017-2021,2017,2021,Male,STF008,7.88
STU00860,IT22860,Swathi Mani,5,2022-2026,2022,2026,Female,STF013,8.25
STU00861,MECH20861,Lavanya Raj,4,2020-2024,2020,2024,Female,STF001,8.68
STU00862,CIVIL19862,Sriram Kannan,6,2019-2023,2019,2023,Male,STF025,7.63
STU00863,MECH18863,Nandhini Rajan,4,2018-2022,2018,2022,Female,STF024,7.04
STU00864,IT18864,Ravi Balan,5,2018-2022,2018,2022,Male,STF006,7.66
STU00865,CIVIL17865,Naveen Anandan,6,2017-2021,2017,2021,Male,STF017,7.99
STU00866,CSE20866,Rahul Krishnan,1,2020-2024,2020,2024,Male,STF018,8.02
STU00867,EEE18867,Aravind Kannan,3,2018-2022,2018,2022,Male,STF009,8.13
STU00868,CSE19868,Nisha Raj,1,2019-2023,2019,2023,Female,STF005,7.46
STU00869,EEE21869,Sriram Ganesan,3,2021-2025,2021,2025,Male,STF022,6.7
STU00870,EEE20870,Meena Duraisamy,3,2020-2024,2020,2024,Female,STF023,7.98
STU00871,EEE21871,Naveen Muthu,3,2021-2025,2021,2025,Male,STF003,8.01
STU00872,IT18872,Kalyani Rajan,5,2018-2022,2018,2022,Female,STF013,7.14
STU00873,CSE19873,Harish Ramanathan,1,2019-2023,2019,2023,Male,STF011,7.54
STU00874,EEE19874,Ramya Baskaran,3,2019-2023,2019,2023,Female,STF020,6.74
STU00875,IT20875,Manoj Ramanathan,5,2020-2024,2020,2024,Male,STF012,7.99
STU00876,MECH18876,Vignesh Ramanathan,4,2018-2022,2018,2022,Male,STF029,7.6
STU00877,EEE20877,Vijay Krishnan,3,2020-2024,2020,2024,Male,STF018,7.46
STU00878,CIVIL19878,Nithin Ganesan,6,2019-2023,2019,2023,Male,STF025,8.35
STU00879,EEE21879,Dharani Raj,3,2021-2025,2021,2025,Female,STF010,7.95
STU00880,CIVIL18880,Gayathri Prasad,6,2018-2022,2018,2022,Female,STF004,8.08
STU00881,ECE21881,Ramesh Pillai,2,2021-2025,2021,2025,Male,STF022,9.02
STU00882,CIVIL18882,Deepika Pillai,6,2018-2022,2018,2022,Female,STF018,7.22
STU00883,CIVIL22883,Meena Anandan,6,2022-2026,2022,2026,Female,STF022,8.15
STU00884,ECE17884,Kavitha Raj,2,2017-2021,2017,2021,Female,STF003,7.77
STU00885,CSE17885,Rajesh Rajan,1,2017-2021,2017,2021,Male,STF003,7.07
STU00886,IT18886,Shalini Chandran,5,2018-2022,2018,2022,Female,STF015,6.89
STU00887,CIVIL20887,Janani Kumar,6,2020-2024,2020,2024,Female,STF013,7.19
STU00888,CIVIL17888,Sriram Prasad,6,2017-2021,2017,2021,Male,STF025,7.58
STU00889,CIVIL21889,Ramesh Narayanan,6,2021-2025,2021,2025,Male,STF030,7.96
STU00890,IT17890,Harini Varma,5,2017-2021,2017,2021,Female,STF003,6.57
STU00891,EEE20891,Sangeetha Ganesan,3,2020-2024,2020,2024,Female,STF022,8.37
STU00892,CSE20892,Sabari Reddy,1,2020-2024,2020,2024,Male,STF005,7.94
STU00893,CIVIL20893,Nisha Subramaniam,6,2020-2024,2020,2024,Female,STF022,7.64
STU00894,CIVIL22894,Priya Rajan,6,2022-2026,2022,2026,Female,STF028,7.16
STU00895,IT18895,Vignesh Kumar,5,2018-2022,2018,2022,Male,STF019,7.42
STU00896,IT20896,Sanjay Pillai,5,2020-2024,2020,2024,Male,STF024,7.71
STU00897,CIVIL22897,Ramya Gopal,6,2022-2026,2022,2026,Female,STF029,8.53
STU00898,CIVIL21898,Santhosh Nair,6,2021-2025,2021,2025,Male,STF008,6.73
STU00899,IT19899,Manoj Nair,5,2019-2023,2019,2023,Male,STF022,7.66
STU00900,IT17900,Lavanya Prasad,5,2017-2021,2017,2021,Female,STF010,7.24
STU00901,CIVIL17901,Deepika Pillai,6,2017-2021,2017,2021,Female,STF024,6.92
STU00902,IT20902,Madhavi Iyer,5,2020-2024,2020,2024,Female,STF022,7.71
STU00903,CIVIL18903,Ravi Varma,6,2018-2022,2018,2022,Male,STF003,7.05
STU00904,ECE19904,Vidya Venkatesh,2,2019-2023,2019,2023,Female,STF020,7.98
STU00905,CIVIL19905,Vikram Shankar,6,2019-2023,2019,2023,Male,STF012,6.58
STU00906,EEE20906,Arun Venkatesh,3,2020-2024,2020,2024,Male,STF008,7.79
STU00907,ECE22907,Sindhu Ganesan,2,2022-2026,2022,2026,Female,STF012,7.83
STU00908,ECE22908,Abirami Balan,2,2022-2026,2022,2026,Female,STF015,7.37
STU00909,EEE19909,Lavanya Murthy,3,2019-2023,2019,2023,Female,STF006,8.54
STU00910,CIVIL21910,Sathish Kannan,6,2021-2025,2021,2025,Male,STF027,7.13
STU00911,ECE21911,Rajesh Anandan,2,2021-2025,2021,2025,Male,STF029,8.04
STU00912,CIVIL17912,Karthik Kannan,6,2017-2021,2017,2021,Male,STF017,7.14
STU00913,CIVIL17913,Nandhini Pillai,6,2017-2021,2017,2021,Female,STF030,7.71
STU00914,CSE21914,Kalyani Loganathan,1,2021-2025,2021,2025,Female,STF018,8.46
STU00915,MECH22915,Deepak Chandran,4,2022-2026,2022,2026,Male,STF008,7.13
STU00916,IT22916,Sowmya Balan,5,2022-2026,2022,2026,Female,STF017,8.13
STU00917,IT17917,Nithya Muthu,5,2017-2021,2017,2021,Female,STF001,7.26
STU00918,CIVIL18918,Ganesh Iyer,6,2018-2022,2018,2022,Male,STF015,8.06
STU00919,ECE18919,Mukesh Narayanan,2,2018-2022,2018,2022,Male,STF002,8.52
STU00920,ECE20920,Ramesh Krishnan,2,2020-2024,2020,2024,Male,STF012,7.77
STU00921,ECE17921,Nithin Mani,2,2017-2021,2017,2021,Male,STF026,7.7
STU00922,EEE20922,Yamuna Loganathan,3,2020-2024,2020,2024,Female,STF002,8.83
STU00923,CSE22923,Deepika Srinivasan,1,2022-2026,2022,2026,Female,STF017,7.89
STU00924,CIVIL19924,Nandhini Rajan,6,2019-2023,2019,2023,Female,STF019,7.18
STU00925,ECE20925,Nithya Shankar,2,2020-2024,2020,2024,Female,STF021,6.73
STU00926,CSE21926,Pavithra Mani,1,2021-2025,2021,2025,Female,STF008,6.92
STU00927,IT20927,Madhavi Selvam,5,2020-2024,2020,2024,Female,STF026,8.57
STU00928,MECH21928,Ganesh Loganathan,4,2021-2025,2021,2025,Male,STF005,6.4
STU00929,MECH18929,Ramesh Muthu,4,2018-2022,2018,2022,Male,STF021,7.48
STU00930,EEE18930,Naveen Nair,3,2018-2022,2018,2022,Male,STF012,7.49
STU00931,IT22931,Bala Gopal,5,2022-2026,2022,2026,Male,STF026,8.44
STU00932,EEE22932,Mukesh Ramanathan,3,2022-2026,2022,2026,Male,STF016,8.03
STU00933,MECH18933,Kiran Kumar,4,2018-2022,2018,2022,Male,STF008,8.55
STU00934,CSE18934,Ajay Natarajan,1,2018-2022,2018,2022,Male,STF017,7.47
STU00935,CSE21935,Suresh Nair,1,2021-2025,2021,2025,Male,STF009,6.77
STU00936,ECE21936,Preethi Shankar,2,2021-2025,2021,2025,Female,STF021,7.97
STU00937,CSE22937,Anitha Pillai,1,2022-2026,2022,2026,Female,STF015,7.44
STU00938,IT20938,Pooja Reddy,5,2020-2024,2020,2024,Female,STF027,8.04
STU00939,MECH21939,Aravind Ganesan,4,2021-2025,2021,2025,Male,STF025,7.06
STU00940,ECE21940,Pooja Anandan,2,2021-2025,2021,2025,Female,STF022,7.37
STU00941,EEE20941,Bala Chandran,3,2020-2024,2020,2024,Male,STF013,7.56
STU00942,ECE17942,Gokul Muthu,2,2017-2021,2017,2021,Male,STF028,7.2
STU00943,IT22943,Nisha Varma,5,2022-2026,2022,2026,Female,STF004,7.9
STU00944,ECE20944,Sabari Muthu,2,2020-2024,2020,2024,Male,STF025,6.87
STU00945,CSE17945,Sowmya Loganathan,1,2017-2021,2017,2021,Female,STF020,7.39
STU00946,IT17946,Indhu Gopal,5,2017-2021,2017,2021,Female,STF012,8.21
STU00947,CSE22947,Sneha Duraisamy,1,2022-2026,2022,2026,Female,STF016,7.77
STU00948,MECH19948,Rahul Iyer,4,2019-2023,2019,2023,Male,STF009,7.34
STU00949,MECH18949,Ravi Varma,4,2018-2022,2018,2022,Male,STF029,7.47
STU00950,IT20950,Bhavana Kumar,5,2020-2024,2020,2024,Female,STF023,7.56
